"Assets > MDCC - 00061006000576 ( 101001 ) ",
"Journal No","Other GL No.","Other Account","Subledger","Posted Date","Comments","Instrument No.","Instrument Bank","Account Name","GL Account No.","Debit","Credit",
"","","","","","Opening Balance","",""," MDCC - 00061006000576 ","101001","5059.9","",
BE-2025-0000002,0,Bank Transfer,,03-04-2025,Being cash deposited,NA,, MDCC - 00061006000576 ,101001,100.00,,
BE-2025-0000009,0,Bank Transfer,,04-12-2025,Being amt trf from Citizen Bank to Mdcc,586601,, MDCC - 00061006000576 ,101001,15000.00,,
EE-2025-0000052,405001,Lift AMC Expenses,US Elevators,06-12-2025,Being lift amc paid,005599,2493, MDCC - 00061006000576 ,101001,,15930,
JE-2025-0000009,101001,MDCC - 00061006000576,,30-06-2025,Being saving bank interest on 01.04.25 to 29.06.25,,, MDCC - 00061006000576 ,101001,58.00,,
JE-2025-0000014,101001,MDCC - 00061006000576,,30-09-2025,Being int recd on saving account 30 J une 2025 - 30th Sept 2025,,, MDCC - 00061006000576 ,101001,40.00,,
JE-2025-0000015,101001,MDCC - 00061006000576,,31-12-2025,Being interest on Saving account 1 Oct 2025 - 29 Dec 2025,,, MDCC - 00061006000576 ,101001,40.00,,
JE-2025-0000038,101001,MDCC - 00061006000576,,31-03-2026,Being interest on Saving account 1 Jan 26 to 31 Mar 26,,, MDCC - 00061006000576 ,101001,33.00,,

"Balance : 4400.9(Debit)","","","","","","","","","","20330.9","15930",

"Assets > Saraswat - Conveyance Fund - 152200105155419 ( 101003 ) ",
"Journal No","Other GL No.","Other Account","Subledger","Posted Date","Comments","Instrument No.","Instrument Bank","Account Name","GL Account No.","Debit","Credit",
"","","","","","Opening Balance","",""," Saraswat - Conveyance Fund - 152200105155419 ","101003","166102.52","",
BE-2025-0000001,0,Bank Transfer,,28-05-2025,Being cash deposited,NA,, Saraswat - Conveyance Fund - 152200105155419 ,101003,200.00,,
JE-2025-0000016,101003,Saraswat - Conveyance Fund - 152200105155419,,30-06-2025,Being interest received on savings account - SCB,,, Saraswat - Conveyance Fund - 152200105155419 ,101003,1243.00,,
JE-2025-0000017,101003,Saraswat - Conveyance Fund - 152200105155419,,30-09-2025,Being interest received on savings account - SCB,,, Saraswat - Conveyance Fund - 152200105155419 ,101003,1267.00,,
JE-2025-0000018,101003,Saraswat - Conveyance Fund - 152200105155419,,31-12-2025,Being interest received on savings account - SCB,,, Saraswat - Conveyance Fund - 152200105155419 ,101003,1220.00,,
JE-2025-0000039,101003,Saraswat - Conveyance Fund - 152200105155419,,31-03-2026,Being interest received on savings account - SCB,,, Saraswat - Conveyance Fund - 152200105155419 ,101003,1174.00,,

"Balance : 171206.52(Debit)","","","","","","","","","","171206.52","0",

"Assets > Citizen - 2090102000015734 ( 101005 ) ",
"Journal No","Other GL No.","Other Account","Subledger","Posted Date","Comments","Instrument No.","Instrument Bank","Account Name","GL Account No.","Debit","Credit",
"","","","","","Opening Balance","",""," Citizen - 2090102000015734 ","101005","41438.92","",
ME-2025-0000167,301003 301021 304004 304006 303001 304003 301006 304001 301004,Electricity Charges Insurance  Lift Maintenance Major Repair Property Tax Repair Fund Service Charges Sinking Fund Water Charges, 11,03-04-2025,NEFT recd agst bill 11 dt. 01.04.25,636644554,Punjab National Bank, Citizen - 2090102000015734 ,101005,7587.00,,
ME-2025-0000177,301036 301003 301021 304004 304006 304003 301006 304001 301004,4W Parking Chgs Electricity Charges Insurance  Lift Maintenance Major Repair Repair Fund Service Charges Sinking Fund Water Charges, 06,03-04-2025,IMPS recd agst bill 06 Dt 01.04.25,509314305539,N.A., Citizen - 2090102000015734 ,101005,5231.00,,
ME-2025-0000178,301003 301021 304004 304006 303001 304003 301006 304001 301004 301039,Electricity Charges Insurance  Lift Maintenance Major Repair Property Tax Repair Fund Service Charges Sinking Fund Water Charges Arrears Property Tax Electricity Charges Insurance  Lift Maintenance Major Repair Property Tax Repair Fund Service Charges Sinking Fund Water Charges, 12,05-04-2025,IMPS recd agst bill 12 Dt 01.04.25,509510375224,N.A., Citizen - 2090102000015734 ,101005,7227.00,,
ME-2025-0000179,301003 301021 304004 304006 304003 301006 304001 301004,Electricity Charges Insurance  Lift Maintenance Major Repair Repair Fund Service Charges Sinking Fund Water Charges, 05,11-04-2025,NEFT recd agst bill 05 Dt 01.04.25,HDFCH00178737126,HDFC BANK , Citizen - 2090102000015734 ,101005,4931.00,,
ME-2025-0000180,301003 301021 304004 304006 304003 301006 304001 301004,Electricity Charges Insurance  Lift Maintenance Major Repair Repair Fund Service Charges Sinking Fund Water Charges, 13,14-04-2025,NEFT recd agst bill 13 Dt 01.04.25,HDFCH00183656917,HDFC BANK , Citizen - 2090102000015734 ,101005,4931.00,,
ME-2025-0000181,301003 301021 304004 304006 304003 301006 304001 301004,Electricity Charges Insurance  Lift Maintenance Major Repair Repair Fund Service Charges Sinking Fund Water Charges, 14,14-04-2025,NEFT recd agst bill 14 Dt 01.04.25,HDFCH00183656917,HDFC BANK , Citizen - 2090102000015734 ,101005,4931.00,,
ME-2025-0000168,301009 301003 301021 304004 304006 304003 301006 304001 301004,2W Parking Chgs Electricity Charges Insurance  Lift Maintenance Major Repair Repair Fund Service Charges Sinking Fund Water Charges, 18,15-04-2025,NEFT recd agst bill 18 dt. 01.04.25,DCBLN62025041530163992,N.A., Citizen - 2090102000015734 ,101005,5081.00,,
ME-2025-0000169,301009 301036 301003 301021 304004 304006 303001 304003 301006 304001 301004,2W Parking Chgs 4W Parking Chgs Electricity Charges Insurance  Lift Maintenance Major Repair Property Tax Repair Fund Service Charges Sinking Fund Water Charges, 08,15-04-2025,Ch. dt. 10.04.25 recd agst bill 8 dt. 01.04.25,008511,HDFC Bank, Citizen - 2090102000015734 ,101005,7643.00,,
ME-2025-0000170,301003 301021 304004 304006 303001 304003 301006 304001 301004,Electricity Charges Insurance  Lift Maintenance Major Repair Property Tax Repair Fund Service Charges Sinking Fund Water Charges, 07,15-04-2025,Ch. dt. 15.04.25 recd agst bill 7 dt. 01.04.25,082849,Punjab National Bank, Citizen - 2090102000015734 ,101005,7587.00,,
ME-2025-0000171,301003 301021 304004 304006 304003 301006 304001 301004,Electricity Charges Insurance  Lift Maintenance Major Repair Repair Fund Service Charges Sinking Fund Water Charges, 04,15-04-2025,Ch. dt. 10.04.25 recd agst bill 4 dt. 01.04.25,000194,HDFC Bank, Citizen - 2090102000015734 ,101005,4931.00,,
ME-2025-0000172,301003 301021 304004 304006 304003 301006 304001 301004,Electricity Charges Insurance  Lift Maintenance Major Repair Repair Fund Service Charges Sinking Fund Water Charges, 01,15-04-2025,Ch. dt. 15.04.25 recd agst bill 1 dt. 01.04.25,000050,HDFC Bank, Citizen - 2090102000015734 ,101005,4931.00,,
ME-2025-0000173,301009 301036 301003 301021 304004 304006 304003 301006 304001 301004,2W Parking Chgs 4W Parking Chgs Electricity Charges Insurance  Lift Maintenance Major Repair Repair Fund Service Charges Sinking Fund Water Charges, 03,15-04-2025,Ch. dt. 15.04.25 recd agst bill 3 dt. 01.04.25,000134,Bank of Baroda, Citizen - 2090102000015734 ,101005,5381.00,,
ME-2025-0000174,301009 301036 301003 301021 304004 304006 304003 301006 304001 301004,2W Parking Chgs 4W Parking Chgs Electricity Charges Insurance  Lift Maintenance Major Repair Repair Fund Service Charges Sinking Fund Water Charges, 02,15-04-2025,Ch. dt. 14.04.25 recd agst bill 2 dt. 01.04.25,000032,Bank of Baroda, Citizen - 2090102000015734 ,101005,5381.00,,
ME-2025-0000175,301003 301021 304004 304006 304003 301006 304001 301004,Electricity Charges Insurance  Lift Maintenance Major Repair Repair Fund Service Charges Sinking Fund Water Charges, 09,15-04-2025,Ch. dt. 10.04.25 recd agst bill 9 dt. 01.04.25,000114,HDFC Bank, Citizen - 2090102000015734 ,101005,4931.00,,
ME-2025-0000182,301003 301021 304004 304006 303001 304003 301006 304001 301004,Electricity Charges Insurance  Lift Maintenance Major Repair Property Tax Repair Fund Service Charges Sinking Fund Water Charges, 16,15-04-2025,IMPS recd agst bill 16 Dt 01.04.25,510508150807,N.A., Citizen - 2090102000015734 ,101005,7193.00,,
EE-2025-0000013,408002,Accounting Charges,Irene Rosario,21-04-2025,Being Q1 bill paid,586565,, Citizen - 2090102000015734 ,101005,,3148,
EE-2025-0000024,404001,Water Expenses,BMC,24-04-2025,Being bill paid,586566,, Citizen - 2090102000015734 ,101005,,55257,
ME-2025-0000176,301036 301003 301021 304004 304006 303001 304003 301006 304001 301004,4W Parking Chgs Electricity Charges Insurance  Lift Maintenance Major Repair Property Tax Repair Fund Service Charges Sinking Fund Water Charges, 15,25-04-2025,Ch. recd agst bill 015 dt. 01.04.25,919829,Citizen Bank, Citizen - 2090102000015734 ,101005,7887.00,,
BE-2025-0000003,0,Bank Transfer,,06-05-2025,Being cash withdrawn,586567,, Citizen - 2090102000015734 ,101005,,3000,
EE-2025-0000018,403001,Common Area Electricity Expenses,Adani Electricity,13-05-2025,Being Mar-25 & Apr-25 electricity bill paid,015734,, Citizen - 2090102000015734 ,101005,,8380,
EE-2025-0000019,407008,Insurance Expenses,ICICI Lombard,28-05-2025,Being insurance premium paid,015734,, Citizen - 2090102000015734 ,101005,,19500,
BE-2025-0000004,0,Bank Transfer,,04-06-2025,Being cash withdrawn,588589,, Citizen - 2090102000015734 ,101005,,5000,
EE-2025-0000021,403001,Common Area Electricity Expenses,Adani Electricity,16-06-2025,being May-25 bill paid,NA,, Citizen - 2090102000015734 ,101005,,3916.35,
BE-2025-0000005,0,Bank Transfer,,03-07-2025,Being cash withdrawn,586570,, Citizen - 2090102000015734 ,101005,,4000,
ME-2025-0000434,301021 304001 304004 301004 301003 304003 304006 301039 301006 303001,Insurance  Sinking Fund Lift Maintenance Water Charges Electricity Charges Repair Fund Major Repair Arrears Property Tax Service Charges Property Tax, 11,07-07-2025,NEFT recd agst bill no. 031 dt 01.07.2025,PUNBH70009478637,PNB Bank, Citizen - 2090102000015734 ,101005,9577.00,,
ME-2025-0000435,301039 301003 301021 304004 304006 303001 304003 301006 304001 301004 206001,Arrears Property Tax Electricity Charges Insurance  Lift Maintenance Major Repair Property Tax Repair Fund Service Charges Sinking Fund Water Charges Advance Members Advance Members, 12,07-07-2025,NEFT recd agst bill no. 032 dt 01.07.2025,HDFCH00350103659,HDFC Bank, Citizen - 2090102000015734 ,101005,8891.00,,
ME-2025-0000436,301021 301036 304001 304004 301004 301003 304003 304006 301006,Insurance  4W Parking Chgs Sinking Fund Lift Maintenance Water Charges Electricity Charges Repair Fund Major Repair Service Charges, 06,08-07-2025,IMPS recd agst bill no. 026 dt 01.07.2025,518907323357,N.A., Citizen - 2090102000015734 ,101005,5231.00,,
ME-2025-0000437,301021 304001 304004 301004 301003 304003 304006 301006,Insurance  Sinking Fund Lift Maintenance Water Charges Electricity Charges Repair Fund Major Repair Service Charges, 05,08-07-2025,NEFT recd agst bill no. 025 dt 01.07.2025,HDFCH00351515558,HDFC Bank, Citizen - 2090102000015734 ,101005,4931.00,,
ME-2025-0000438,301009 301021 304001 304004 301004 301003 304003 304006 301006,2W Parking Chgs Insurance  Sinking Fund Lift Maintenance Water Charges Electricity Charges Repair Fund Major Repair Service Charges, 18,14-07-2025,NEFT recd agst bill no. 036 dt 01.07.2025,DCBLH07767413,N.A., Citizen - 2090102000015734 ,101005,5081.00,,
ME-2025-0000427,301021 304001 304004 301004 301003 304003 304006 301006,Insurance  Sinking Fund Lift Maintenance Water Charges Electricity Charges Repair Fund Major Repair Service Charges, 01,15-07-2025,Ch. dt. 15.07.2025 recd agst bill no. 021 dt 01.07.2025,000051,HDFC Bank, Citizen - 2090102000015734 ,101005,4931.00,,
ME-2025-0000428,301021 304001 304004 301004 301003 304003 304006 301039 301006 303001,Insurance  Sinking Fund Lift Maintenance Water Charges Electricity Charges Repair Fund Major Repair Arrears Property Tax Service Charges Property Tax, 07,15-07-2025,Ch. dt. 17.07.2025 recd agst bill no. 027 dt 01.07.2025,480800,Canara Bank, Citizen - 2090102000015734 ,101005,9577.00,,
ME-2025-0000429,301009 301021 301036 304001 304004 301004 301003 304003 304006 301006,2W Parking Chgs Insurance  4W Parking Chgs Sinking Fund Lift Maintenance Water Charges Electricity Charges Repair Fund Major Repair Service Charges, 03,15-07-2025,Ch. dt. 15.07.2025 recd agst bill no. 023 dt 01.07.2025,000136,Bank Of Baroda, Citizen - 2090102000015734 ,101005,5381.00,,
ME-2025-0000430,301021 304001 304004 301004 301003 304003 304006 301006,Insurance  Sinking Fund Lift Maintenance Water Charges Electricity Charges Repair Fund Major Repair Service Charges, 04,15-07-2025,Ch. dt. 10.07.2025 recd agst bill no. 024 dt 01.07.2025,000195,HDFC Bank, Citizen - 2090102000015734 ,101005,4931.00,,
ME-2025-0000431,301009 301021 301036 304001 304004 301004 301003 304003 304006 301006,2W Parking Chgs Insurance  4W Parking Chgs Sinking Fund Lift Maintenance Water Charges Electricity Charges Repair Fund Major Repair Service Charges, 02,15-07-2025,Ch. dt. 14.07.2025 recd agst bill no. 022 dt 01.07.2025,000034,Bank Of Baroda, Citizen - 2090102000015734 ,101005,5381.00,,
ME-2025-0000432,301012 301021 301036 304001 304004 301004 301003 304003 304006 301039 301006 303001,Late Payment Interest Insurance  4W Parking Chgs Sinking Fund Lift Maintenance Water Charges Electricity Charges Repair Fund Major Repair Arrears Property Tax Service Charges Property Tax, 15,15-07-2025,Ch. dt. 12.07.2025 recd agst bill no. 045 dt 01.07.2025,919835,Citizencredit CO-OP Bank, Citizen - 2090102000015734 ,101005,9923.00,,
ME-2025-0000433,301009 301021 301036 304001 304004 301004 301003 304003 301039 304006 301006 303001,2W Parking Chgs Insurance  4W Parking Chgs Sinking Fund Lift Maintenance Water Charges Electricity Charges Repair Fund Arrears Property Tax Major Repair Service Charges Property Tax, 08,15-07-2025,Ch. dt. 15.07.2025 recd agst bill no. 028 dt 01.07.2025,008512,HDFC Bank, Citizen - 2090102000015734 ,101005,9341.00,,
ME-2025-0000439,301021 304001 304004 301004 301003 304003 301039 304006 301006 303001,Insurance  Sinking Fund Lift Maintenance Water Charges Electricity Charges Repair Fund Arrears Property Tax Major Repair Service Charges Property Tax, 16,15-07-2025,IMPS recd agst bill no. 034 dt 01.07.2025,519611997953,N.A., Citizen - 2090102000015734 ,101005,8891.00,,
ME-2025-0000440,301021 301006 304006 304003 301003 301036 301004 304004 304001 301009 301012 301007,Insurance  Service Charges Major Repair Repair Fund Electricity Charges 4W Parking Chgs Water Charges Lift Maintenance Sinking Fund 2W Parking Chgs Late Payment Interest Non Occupancy Charges Insurance  Service Charges Major Repair Repair Fund Electricity Charges 4W Parking Chgs Water Charges Lift Maintenance Sinking Fund 2W Parking Chgs Non Occupancy Charges, 10,15-07-2025,NEFT recd agst bill no. 030 dt 01.07.2025,DEUTIN25196935884,N.A., Citizen - 2090102000015734 ,101005,12109.00,,
EE-2025-0000015,408002,Accounting Charges,Irene Rosario,15-07-2025,Being Q2 bill paid,586571,, Citizen - 2090102000015734 ,101005,,3148,
EE-2025-0000012,404001,Water Expenses,BMC,16-07-2025,Being FY 25-26 bill paid,586572,, Citizen - 2090102000015734 ,101005,,81134,
EE-2025-0000023,403001,Common Area Electricity Expenses,Adani Electricity,17-07-2025,Being Jun-25 bill paid,NA,, Citizen - 2090102000015734 ,101005,,4340,
EE-2025-0000026,408023,Election Expenses,Unassigned,29-07-2025,Being amt paid for conducting managing committee election - Manish Vasant,586573,, Citizen - 2090102000015734 ,101005,,7500,
BE-2025-0000006,0,Bank Transfer,,02-08-2025,Being cash withdrawn,586874,, Citizen - 2090102000015734 ,101005,,7000,
EE-2025-0000028,403001,Common Area Electricity Expenses,Adani Electricity,28-08-2025,Being Jul-25 bill paid,NA,126697, Citizen - 2090102000015734 ,101005,,4260,
EE-2025-0000030,408003,Printing & Stationary,Unassigned,17-09-2025,Being amt paid for printing society letter heads - Ajay screen arts,586592,, Citizen - 2090102000015734 ,101005,,1500,
EE-2025-0000032,406008,Other Repair Maintenance,Unassigned,24-09-2025,Being amt paid for 2 acp sheets for pump room - Narayan electric,586576,, Citizen - 2090102000015734 ,101005,,2800,
EE-2025-0000036,403001,Common Area Electricity Expenses,Adani Electricity,24-09-2025,Being Aug-25 bill paid,NA,, Citizen - 2090102000015734 ,101005,,4390,
BE-2025-0000007,0,Bank Transfer,,24-09-2025,Being cash withdrawn,586593,, Citizen - 2090102000015734 ,101005,,4500,
ME-2025-0000673,301021 301036 304001 304004 301004 301003 304003 304006 301006,Insurance  4W Parking Chgs Sinking Fund Lift Maintenance Water Charges Electricity Charges Repair Fund Major Repair Service Charges, 06,04-10-2025,IMPS recd agst bill 051 dt. 01.10.2025,527709152142,N.A., Citizen - 2090102000015734 ,101005,5231.00,,
ME-2025-0000671,301021 304001 304004 301004 301003 304003 304006 301006 303001,Insurance  Sinking Fund Lift Maintenance Water Charges Electricity Charges Repair Fund Major Repair Service Charges Property Tax, 11,05-10-2025,NEFT recd agst bill 056 dt. 01.10.2025,PUNBH70029718277,Punjab National Bank , Citizen - 2090102000015734 ,101005,8582.00,,
EE-2025-0000034,401001,Salary Expenses,Sweeper,05-10-2025,Being Sep-25 salary paid,586595,, Citizen - 2090102000015734 ,101005,,2100,
ME-2025-0000672,301021 304001 304004 301004 301003 304003 304006 301006,Insurance  Sinking Fund Lift Maintenance Water Charges Electricity Charges Repair Fund Major Repair Service Charges, 05,06-10-2025,NEFT recd agst bill 050 dt. 01.10.2025,HDFCH00526800989,HDFC Bank, Citizen - 2090102000015734 ,101005,4931.00,,
EE-2025-0000038,407011,Audit Fees,Statutory Auditor,10-10-2025,Being audit fees paid,586596,, Citizen - 2090102000015734 ,101005,,2500,
EE-2025-0000040,408002,Accounting Charges,Irene Rosario,10-10-2025,Being Q3 bill paid,586598,, Citizen - 2090102000015734 ,101005,,3148,
ME-2025-0000621,301009 301003 301021 304004 304006 304003 301006 304001 301004,2W Parking Chgs Electricity Charges Insurance  Lift Maintenance Major Repair Repair Fund Service Charges Sinking Fund Water Charges, 18,13-10-2025,NEFT recd agst bill 063 dt. 01.10.25,DCBLH05933871,DCB Bank, Citizen - 2090102000015734 ,101005,5081.00,,
BE-2025-0000008,0,Bank Transfer,,14-10-2025,Being cash withdrawn,586598,, Citizen - 2090102000015734 ,101005,,3000,
ME-2025-0000664,301021 301006 304006 304003 301003 301004 304004 304001 301012,Insurance  Service Charges Major Repair Repair Fund Electricity Charges Water Charges Lift Maintenance Sinking Fund Late Payment Interest Insurance  Service Charges Major Repair Repair Fund Electricity Charges Water Charges Lift Maintenance Sinking Fund, 09,15-10-2025,Chq recd agst bill 054 dt 01.10.25,000127,HDFC bank, Citizen - 2090102000015734 ,101005,10082.00,,
ME-2025-0000665,301021 304001 304004 301004 301003 304003 304006 301006,Insurance  Sinking Fund Lift Maintenance Water Charges Electricity Charges Repair Fund Major Repair Service Charges, 04,15-10-2025,Chq recd dt 11.10.25  agst bill 049 dt 01.10.25,000196,HDFC BANK `, Citizen - 2090102000015734 ,101005,4931.00,,
ME-2025-0000666,301009 301021 301036 304001 304004 301004 301003 304003 304006 301006 303001,2W Parking Chgs Insurance  4W Parking Chgs Sinking Fund Lift Maintenance Water Charges Electricity Charges Repair Fund Major Repair Service Charges Property Tax, 08,15-10-2025,Chq recd agst bill  053 dt 01.10.25,008514,HDFC BANK , Citizen - 2090102000015734 ,101005,8492.00,,
ME-2025-0000667,301021 304001 304004 301004 301003 304003 304006 301006,Insurance  Sinking Fund Lift Maintenance Water Charges Electricity Charges Repair Fund Major Repair Service Charges, 01,15-10-2025,Chq recd agst bill  046 dt 01.10.25,000052,HDFC BANK, Citizen - 2090102000015734 ,101005,4931.00,,
ME-2025-0000668,301021 304001 304004 301004 301003 304003 304006 301006 303001,Insurance  Sinking Fund Lift Maintenance Water Charges Electricity Charges Repair Fund Major Repair Service Charges Property Tax, 07,15-10-2025,Chq recd agst bill  052 dt 01.10.25,480802,Canara Bank, Citizen - 2090102000015734 ,101005,8582.00,,
ME-2025-0000669,301009 301021 301036 304001 304004 301004 301003 304003 304006 301006,2W Parking Chgs Insurance  4W Parking Chgs Sinking Fund Lift Maintenance Water Charges Electricity Charges Repair Fund Major Repair Service Charges, 02,15-10-2025,Chq recd agst bill  047 dt 01.10.25,000036,Bank of Baroda, Citizen - 2090102000015734 ,101005,5381.00,,
ME-2025-0000670,301021 301036 304001 304004 301004 301003 304003 304006 301006 303001,Insurance  4W Parking Chgs Sinking Fund Lift Maintenance Water Charges Electricity Charges Repair Fund Major Repair Service Charges Property Tax, 15,15-10-2025,Chq recd agst bill 060 dt 01.10.25,919858,Citizen Bank, Citizen - 2090102000015734 ,101005,8882.00,,
ME-2025-0000674,301021 304001 304004 301004 301003 304003 304006 301006 303001,Insurance  Sinking Fund Lift Maintenance Water Charges Electricity Charges Repair Fund Major Repair Service Charges Property Tax, 16,15-10-2025,IMPS recd agst bill 061 dt 01.10.2025,528821502987,N.A., Citizen - 2090102000015734 ,101005,8042.00,,
ME-2025-0000675,301021 304001 304004 301004 301003 304003 304006 301006,Insurance  Sinking Fund Lift Maintenance Water Charges Electricity Charges Repair Fund Major Repair Service Charges Insurance  Sinking Fund Lift Maintenance Water Charges Electricity Charges Repair Fund Major Repair Service Charges, 13,15-10-2025,NEFT recd agst bill 064 dt. 01.10.2025,HDFCH00552795367,HDFC Bank, Citizen - 2090102000015734 ,101005,9862.00,,
ME-2025-0000676,301033 301006 304006 304003 301003 301004 301038 304004 304001 301009 301007 301021,Arrears Non Occupancy Charges Service Charges Major Repair Repair Fund Electricity Charges Water Charges Arrears Parking Lift Maintenance Sinking Fund 2W Parking Chgs Non Occupancy Charges Insurance  Insurance  Service Charges Major Repair Repair Fund Electricity Charges Water Charges Lift Maintenance Sinking Fund Non Occupancy Charges, 14,15-10-2025,NEFT recd agst bill 065 dt. 01.10.2025,HDFCH00552795367,HDFC Bank, Citizen - 2090102000015734 ,101005,11315.00,,
ME-2025-0000677,301021 304001 304004 301004 301003 304003 304006 301006 303001,Insurance  Sinking Fund Lift Maintenance Water Charges Electricity Charges Repair Fund Major Repair Service Charges Property Tax, 12,15-10-2025,IMPS recd agst bill 057 dt. 01.10.25,529019923196,N.A., Citizen - 2090102000015734 ,101005,6542.00,,
EE-2025-0000042,403001,Common Area Electricity Expenses,Adani Electricity,17-10-2025,Being Sept-25 bill paid,NA,, Citizen - 2090102000015734 ,101005,,4250,
EE-2025-0000044,401001,Salary Expenses,Pumpman,02-11-2025,Being Oct-25 salary and bonus paid,586599,, Citizen - 2090102000015734 ,101005,,2100,
EE-2025-0000046,401001,Salary Expenses,Sweeper,02-11-2025,Being Oct-25 salary and bonus paid,586600,, Citizen - 2090102000015734 ,101005,,3300,
EE-2025-0000158,403001,Common Area Electricity Expenses,Adani Electricity,20-11-2025,Being Oct-25 bill paid,NA,, Citizen - 2090102000015734 ,101005,,4030,
EE-2025-0000048,401001,Salary Expenses,Sweeper,02-12-2025,being Nov-25 salary paid,586602,, Citizen - 2090102000015734 ,101005,,1800,
BE-2025-0000009,0,Bank Transfer,,04-12-2025,Being amt trf from Citizen Bank to Mdcc,586601,, Citizen - 2090102000015734 ,101005,,15000,
EE-2025-0000050,406013,Major Repairs,AGM Construction Co.,05-12-2025,Being advance for replatering and replacing of sweage drain covers,586603,, Citizen - 2090102000015734 ,101005,,10000,
EE-2025-0000054,406008,Other Repair Maintenance,Unassigned,10-12-2025,Being amt paid for society s 12 sewage draings - Bandan,586604,, Citizen - 2090102000015734 ,101005,,3000,
EE-2025-0000160,403001,Common Area Electricity Expenses,Adani Electricity,12-12-2025,being Nov-25 bill paid,NA,, Citizen - 2090102000015734 ,101005,,3940,
ME-2025-0000678,301012 301021 301007 301009 304001 304004 301004 301036 301003 304003 304006 301006,Late Payment Interest Insurance  Non Occupancy Charges 2W Parking Chgs Sinking Fund Lift Maintenance Water Charges 4W Parking Chgs Electricity Charges Repair Fund Major Repair Service Charges, 10,27-12-2025,NEFT recd agst bill   055 DT 01.10.25,DETUN25361806330,Deutch Bank, Citizen - 2090102000015734 ,101005,6122.00,,
ME-2025-0000876,301003 301021 304004 304006 304003 301006 304001 301004,Electricity Charges Insurance  Lift Maintenance Major Repair Repair Fund Service Charges Sinking Fund Water Charges, 13,04-01-2026,NEFT recd agst bill dt. 01.01.26,HDFCH00740243697,HDFC Bank, Citizen - 2090102000015734 ,101005,4931.00,,
ME-2025-0000877,301009 301003 301021 304004 304006 304003 301006 304001 301004 301007,2W Parking Chgs Electricity Charges Insurance  Lift Maintenance Major Repair Repair Fund Service Charges Sinking Fund Water Charges Non Occupancy Charges, 14,04-01-2026,NEFT recd agst bill dt. 01.01.26,HDFCH00740243697,HDFC Bank, Citizen - 2090102000015734 ,101005,5476.00,,
EE-2025-0000162,404005,Water Tank Cleaning Expenses,Unassigned,05-01-2026,Being amt paid for cleaning water tanks - Lalean tck,586605,, Citizen - 2090102000015734 ,101005,,2600,
EE-2025-0000164,401001,Salary Expenses,Sweeper,05-01-2026,Being Dec-2025 salary paid,586577,, Citizen - 2090102000015734 ,101005,,1800,
BE-2025-0000010,0,Bank Transfer,,05-01-2026,Being cash withdrawn,NA,, Citizen - 2090102000015734 ,101005,,3500,
ME-2025-0000870,301003 301021 304004 304006 303001 304003 301006 304001 301004 206001,Electricity Charges Insurance  Lift Maintenance Major Repair Property Tax Repair Fund Service Charges Sinking Fund Water Charges Advance Members Advance Members, 12,05-01-2026,IMPS recd agst bill no. 077 dt 01.01.2026,601519939506,N.A., Citizen - 2090102000015734 ,101005,8100.00,,
ME-2025-0000859,301036 301003 301021 304004 304006 304003 301006 304001 301004,4W Parking Chgs Electricity Charges Insurance  Lift Maintenance Major Repair Repair Fund Service Charges Sinking Fund Water Charges, 06,06-01-2026,IMPS recd agst bill no.071 dt.01.01.26,600616049641,N.A., Citizen - 2090102000015734 ,101005,5231.00,,
EE-2025-0000167,404001,Water Expenses,BMC,06-01-2026,Being bill paid,586578,, Citizen - 2090102000015734 ,101005,,19831,
ME-2025-0000860,301003 301021 304004 304006 303001 304003 301006 304001 301004,Electricity Charges Insurance  Lift Maintenance Major Repair Property Tax Repair Fund Service Charges Sinking Fund Water Charges, 11,10-01-2026,NEFT recd agst bill no.076 dt.01.01.26,PUNBH70054615968,PNB BANK, Citizen - 2090102000015734 ,101005,8582.00,,
ME-2025-0000861,301003 301021 304004 304006 304003 301006 304001 301004,Electricity Charges Insurance  Lift Maintenance Major Repair Repair Fund Service Charges Sinking Fund Water Charges, 05,10-01-2026,NEFT recd agst bill no.070 dt.01.01.26,HDFCH00733363799,HDFC BANK, Citizen - 2090102000015734 ,101005,4931.00,,
ME-2025-0000862,301009 301003 301021 304004 304006 304003 301006 304001 301004,2W Parking Chgs Electricity Charges Insurance  Lift Maintenance Major Repair Repair Fund Service Charges Sinking Fund Water Charges, 18,12-01-2026,IMPS recd agst bill 083 dt 01.01.26,601219935069,N.A., Citizen - 2090102000015734 ,101005,5081.00,,
ME-2025-0000851,301012 301003 301021 304004 304006 304003 301006 304001 301004,Late Payment Interest Electricity Charges Insurance  Lift Maintenance Major Repair Repair Fund Service Charges Sinking Fund Water Charges, 09,15-01-2026,Ch.dt.10.01.26 recd agst bill no.074 dt.01.01.26,000131,HDFC BANK, Citizen - 2090102000015734 ,101005,4970.00,,
ME-2025-0000852,301003 301021 304004 304006 304003 301006 304001 301004,Electricity Charges Insurance  Lift Maintenance Major Repair Repair Fund Service Charges Sinking Fund Water Charges, 01,15-01-2026,Ch.dt.15.01.26 recd agst bill no.066 dt.01.01.26,000053,HDFC BANK, Citizen - 2090102000015734 ,101005,4931.00,,
ME-2025-0000853,301003 301021 304004 304006 303001 304003 301006 304001 301004,Electricity Charges Insurance  Lift Maintenance Major Repair Property Tax Repair Fund Service Charges Sinking Fund Water Charges, 07,15-01-2026,Ch.dt.15.01.26 recd agst bill no.072 dt.01.01.26,553105,PNB BANK, Citizen - 2090102000015734 ,101005,8582.00,,
ME-2025-0000855,301003 301021 304004 304006 304003 301006 304001 301004,Electricity Charges Insurance  Lift Maintenance Major Repair Repair Fund Service Charges Sinking Fund Water Charges, 04,15-01-2026,Ch.dt 09.01.26 recd agst bill no.069 dt.01.01.26,000197,HDFC BANK, Citizen - 2090102000015734 ,101005,4931.00,,
ME-2025-0000856,301036 301003 301021 304004 304006 303001 304003 301006 304001 301004,4W Parking Chgs Electricity Charges Insurance  Lift Maintenance Major Repair Property Tax Repair Fund Service Charges Sinking Fund Water Charges, 15,15-01-2026,Ch.dt.14.01.26 recd agst bill no.080 dt.01.01.26,919870,citizen bank, Citizen - 2090102000015734 ,101005,8882.00,,
ME-2025-0000857,301012 301009 301036 301003 301021 304004 304006 304003 301006 304001 301004,Late Payment Interest 2W Parking Chgs 4W Parking Chgs Electricity Charges Insurance  Lift Maintenance Major Repair Repair Fund Service Charges Sinking Fund Water Charges 2W Parking Chgs 4W Parking Chgs Electricity Charges Insurance  Lift Maintenance Major Repair Repair Fund Service Charges Sinking Fund Water Charges, 03,15-01-2026,Ch.dt.15.01.26 recd agst bill no.068 dt.01.01.26,000139,bank of baroda, Citizen - 2090102000015734 ,101005,11002.00,,
ME-2025-0000858,301009 301036 301003 301021 304004 304006 304003 301006 304001 301004,2W Parking Chgs 4W Parking Chgs Electricity Charges Insurance  Lift Maintenance Major Repair Repair Fund Service Charges Sinking Fund Water Charges, 02,15-01-2026,Ch.dt.12.01.26 recd agst bill no.067 dt.01.01.26,000038,bank of baroda, Citizen - 2090102000015734 ,101005,5381.00,,
EE-2025-0000169,408010,Professional Fees,Irene Rosario,15-01-2026,Being bill paid,586579,, Citizen - 2090102000015734 ,101005,,1500,
EE-2025-0000171,408002,Accounting Charges,Irene Rosario,15-01-2026,Being Q4 bill paid,586580,, Citizen - 2090102000015734 ,101005,,3148,
ME-2025-0000866,301009 301036 301003 301021 304004 304006 303001 304003 301006 304001 301004,2W Parking Chgs 4W Parking Chgs Electricity Charges Insurance  Lift Maintenance Major Repair Property Tax Repair Fund Service Charges Sinking Fund Water Charges, 08,15-01-2026,Ch.dt.15.01.26 recd agst bill no.073 dt.01.01.26,008515,HDFC Bank, Citizen - 2090102000015734 ,101005,8492.00,,
EE-2025-0000173,403001,Common Area Electricity Expenses,Adani Electricity,17-01-2026,Being Dec-2025 bill paid,NA,, Citizen - 2090102000015734 ,101005,,4190,
EE-2025-0000229,408011,Bank Charges,Unassigned,20-01-2026,Flat 08 chq bounce charges - CCB,NA,, Citizen - 2090102000015734 ,101005,,118,
EE-2025-0000175,401001,Salary Expenses,Sweeper,02-02-2026,Being Jan-26 salary paid,586581,, Citizen - 2090102000015734 ,101005,,1800,
EE-2025-0000177,406008,Other Repair Maintenance,Unassigned,07-02-2026,Being amt paid for sewage drain repair - Alazad enterprises,586582,, Citizen - 2090102000015734 ,101005,,2460,
EE-2025-0000179,403001,Common Area Electricity Expenses,Adani Electricity,13-02-2026,Being Jan-26 bill paid,NA,, Citizen - 2090102000015734 ,101005,,3960,
EE-2025-0000181,401001,Salary Expenses,Sweeper,04-03-2026,being Feb-26 salary paid,586583,, Citizen - 2090102000015734 ,101005,,1800,
BE-2025-0000011,0,Bank Transfer,,04-03-2026,Being cash withdrawn,NA,, Citizen - 2090102000015734 ,101005,,5000,
EE-2025-0000183,403001,Common Area Electricity Expenses,Adani Electricity,16-03-2026,being Feb-26 bil paid,NA,, Citizen - 2090102000015734 ,101005,,4520,
ME-2025-0000869,301021 304001 304004 301004 301003 304003 304006 301006 303001,Insurance  Sinking Fund Lift Maintenance Water Charges Electricity Charges Repair Fund Major Repair Service Charges Property Tax, 16,23-03-2026,IMPS recd agst bill no. 081 dt 01.01.2026,608212117262,N.A., Citizen - 2090102000015734 ,101005,8042.00,,
ME-2025-0000867,301012 301021 301007 304001 304004 301004 301009 301003 304003 304006 301006 301038,Late Payment Interest Insurance  Non Occupancy Charges Sinking Fund Lift Maintenance Water Charges 2W Parking Chgs Electricity Charges Repair Fund Major Repair Service Charges Arrears Parking Insurance  Non Occupancy Charges Sinking Fund Lift Maintenance Water Charges Electricity Charges Repair Fund Major Repair Late Payment Interest Service Charges 2W Parking Chgs Repair Fund Insurance  Non Occupancy Charges 2W Parking Chgs Sinking Fund Lift Maintenance Water Charges Electricity Charges Late Payment Interest Major Repair Service Charges Electricity Charges Service Charges Major Repair Repair Fund Water Charges Late Payment Interest Lift Maintenance Sinking Fund 2W Parking Chgs Non Occupancy Charges Insurance  Water Charges Insurance  Non Occupancy Charges 2W Parking Chgs Sinking Fund Lift Maintenance Late Payment Interest Electricity Charges Repair Fund Major Repair Service Charges Service Charges Insurance  Non Occupancy Charges 2W Parking Chgs Sinking Fund Lift Maintenance Water Charges Electricity Charges Repair Fund Major Repair Insurance  Service Charges Major Repair Repair Fund Electricity Charges Water Charges Lift Maintenance Sinking Fund 2W Parking Chgs Non Occupancy Charges, 17,30-03-2026,NEFT recd agst bill 082 dt. 01.01.2026,STDMHS87209,N.A., Citizen - 2090102000015734 ,101005,38962.00,,
ME-2025-0000868,301021 301007 301012 301009 304001 304004 301004 301036 301003 304003 304006 301006,Insurance  Non Occupancy Charges Late Payment Interest 2W Parking Chgs Sinking Fund Lift Maintenance Water Charges 4W Parking Chgs Electricity Charges Repair Fund Major Repair Service Charges, 10,30-03-2026,.NEFT recd agst bill no. 075 dt.01.01.26,DEUTN26088867990,N.A., Citizen - 2090102000015734 ,101005,6331.00,,
JE-2025-0000011,101005,Citizen - 2090102000015734,,30-09-2025,Being Int recd on Saving Account April to Sep 2025,,, Citizen - 2090102000015734 ,101005,783.00,,
JE-2025-0000020,101005,Citizen - 2090102000015734,,30-01-2026,Being excess water bill paid vide   586566 recovered by society,,, Citizen - 2090102000015734 ,101005,1442.00,,
JE-2025-0000041,101005,Citizen - 2090102000015734,,30-03-2026,Being new fd made CCB,,, Citizen - 2090102000015734 ,101005,,22000.00,
JE-2025-0000019,101005,Citizen - 2090102000015734,,31-03-2026,Being Int recd on Saving Account Oct to March 2026,,, Citizen - 2090102000015734 ,101005,1546.00,,

"Balance : 155828.57(Debit)","","","","","","","","","","514996.92","359168.35",

"Assets > Repair Fund [CCCB] - 2090102000015947 ( 101006 ) ",
"Journal No","Other GL No.","Other Account","Subledger","Posted Date","Comments","Instrument No.","Instrument Bank","Account Name","GL Account No.","Debit","Credit",
"","","","","","Opening Balance","",""," Repair Fund [CCCB] - 2090102000015947 ","101006","39353","",
JE-2025-0000012,101006,Repair Fund [CCCB] - 2090102000015947,,16-08-2025,Duplicate passbook chgs - CCB,,, Repair Fund [CCCB] - 2090102000015947 ,101006,,59.00,
JE-2025-0000013,101006,Repair Fund [CCCB] - 2090102000015947,,30-09-2025,Being Int recd on SB - CCB,,, Repair Fund [CCCB] - 2090102000015947 ,101006,591.00,,
JE-2025-0000040,101006,Repair Fund [CCCB] - 2090102000015947,,31-03-2026,Being Int recd on SB - CCB,,, Repair Fund [CCCB] - 2090102000015947 ,101006,597.00,,

"Balance : 40482(Debit)","","","","","","","","","","40541","59",

"Assets > Cash In Hand ( 102001 ) ",
"Journal No","Other GL No.","Other Account","Subledger","Posted Date","Comments","Instrument No.","Instrument Bank","Account Name","GL Account No.","Debit","Credit",
"","","","","","Opening Balance","",""," Cash In Hand ","102001","3586","",
EE-2025-0000010,401001,Salary Expenses,Sweeper,01-04-2025,Being March 25 salary paid,N.A.,, Cash In Hand ,102001,,1500,
EE-2025-0000011,401001,Salary Expenses,Pumpman,01-04-2025,Being March 25 salary paid,N.A.,, Cash In Hand ,102001,,1000,
BE-2025-0000002,0,Bank Transfer,,03-04-2025,Being cash deposited,NA,, Cash In Hand ,102001,,100,
EE-2025-0000080,406007,Electrical Repair Maintenance,Unassigned,10-04-2025,Cash paid for purchase of led bulb,NA,, Cash In Hand ,102001,,80,
EE-2025-0000082,408003,Printing & Stationary,Unassigned,16-04-2025,Cash paid for 5 printouts - MR Digital,NA,, Cash In Hand ,102001,,25,
EE-2025-0000084,406007,Electrical Repair Maintenance,Unassigned,03-05-2025,Cash paid for purchase 1 nos led bulbs,NA,, Cash In Hand ,102001,,80,
EE-2025-0000056,401001,Salary Expenses,Pumpman,06-05-2025,Being Apr-25 salary paid,N.A.,, Cash In Hand ,102001,,1000,
EE-2025-0000058,401001,Salary Expenses,Sweeper,06-05-2025,Being Apr-25 salary paid,N.A.,, Cash In Hand ,102001,,1500,
BE-2025-0000003,0,Bank Transfer,,06-05-2025,Being cash withdrawn,586567,, Cash In Hand ,102001,3000.00,,
EE-2025-0000086,406008,Other Repair Maintenance,Unassigned,08-05-2025,Cash paid for replaceing broken drain cover,NA,, Cash In Hand ,102001,,200,
EE-2025-0000088,408006,Conveyance Charges,Unassigned,10-05-2025,Cash paid for visit to BMC office,NA,, Cash In Hand ,102001,,240,
BE-2025-0000001,0,Bank Transfer,,28-05-2025,Being cash deposited,NA,, Cash In Hand ,102001,,200,
BE-2025-0000004,0,Bank Transfer,,04-06-2025,Being cash withdrawn,588589,, Cash In Hand ,102001,5000.00,,
EE-2025-0000060,401001,Salary Expenses,Sweeper,05-06-2025,Being May-25 salary paid,N.A.,, Cash In Hand ,102001,,1500,
EE-2025-0000062,401001,Salary Expenses,Pumpman,05-06-2025,Being May-25 salary paid,N.A.,, Cash In Hand ,102001,,1000,
EE-2025-0000090,408003,Printing & Stationary,Unassigned,05-06-2025,Cash paid for purchase of cash vouchers,NA,, Cash In Hand ,102001,,100,
EE-2025-0000092,408003,Printing & Stationary,Unassigned,05-06-2025,Cash paid for xerox and printouts,NA,, Cash In Hand ,102001,,117,
EE-2025-0000094,406008,Other Repair Maintenance,Unassigned,05-06-2025,Cash paid for cleaning choked sewage draings,NA,, Cash In Hand ,102001,,1000,
EE-2025-0000096,406008,Other Repair Maintenance,Unassigned,10-06-2025,Cash paid for purchase of patti,NA,, Cash In Hand ,102001,,200,
EE-2025-0000098,408003,Printing & Stationary,Unassigned,19-06-2025,Cash paid for printouts and xerox,NA,, Cash In Hand ,102001,,96,
EE-2025-0000100,408003,Printing & Stationary,Unassigned,23-06-2025,Cash paid for printouts and xerox,NA,, Cash In Hand ,102001,,220,
BE-2025-0000005,0,Bank Transfer,,03-07-2025,Being cash withdrawn,586570,, Cash In Hand ,102001,4000.00,,
EE-2025-0000064,401001,Salary Expenses,Pumpman,05-07-2025,Being Jun-25 salary paid,N.A.,, Cash In Hand ,102001,,1000,
EE-2025-0000066,401001,Salary Expenses,Sweeper,05-07-2025,Being Jun-25 salary paid,N.A.,, Cash In Hand ,102001,,1500,
EE-2025-0000102,406008,Other Repair Maintenance,Unassigned,09-07-2025,Cash paid for cleaning choked sewage draings,NA,, Cash In Hand ,102001,,1000,
EE-2025-0000104,408003,Printing & Stationary,Unassigned,11-07-2025,Cash paid for 18 printouts,NA,, Cash In Hand ,102001,,58,
EE-2025-0000106,408003,Printing & Stationary,Unassigned,24-07-2025,Cash paid for xerox   files  folders  etc,NA,, Cash In Hand ,102001,,100,
EE-2025-0000108,406008,Other Repair Maintenance,Unassigned,29-07-2025,Cash paid for bleaching powder  lime and other materials,NA,, Cash In Hand ,102001,,430,
BE-2025-0000006,0,Bank Transfer,,02-08-2025,Being cash withdrawn,586874,, Cash In Hand ,102001,7000.00,,
EE-2025-0000068,401001,Salary Expenses,Pumpman,05-08-2025,Being Jul-25 salary paid,N.A.,, Cash In Hand ,102001,,1100,
EE-2025-0000070,401001,Salary Expenses,Sweeper,05-08-2025,Being Jul-25 salary paid,N.A.,, Cash In Hand ,102001,,1500,
EE-2025-0000110,408003,Printing & Stationary,Unassigned,07-08-2025,Cash paid for purchase of stamps and stamp pads,NA,, Cash In Hand ,102001,,150,
EE-2025-0000112,406008,Other Repair Maintenance,Unassigned,09-08-2025,Cash paid for cleaning choked sewage draings,NA,, Cash In Hand ,102001,,1000,
EE-2025-0000114,408006,Conveyance Charges,Unassigned,12-08-2025,Cash paid for visit to advocates office,NA,, Cash In Hand ,102001,,230,
EE-2025-0000116,406008,Other Repair Maintenance,Unassigned,20-08-2025,Cash paid for clearing debris near society office gate,NA,, Cash In Hand ,102001,,700,
EE-2025-0000072,401001,Salary Expenses,Pumpman,05-09-2025,Being Aug-25 salary paid,N.A.,, Cash In Hand ,102001,,1100,
EE-2025-0000074,401001,Salary Expenses,Sweeper,05-09-2025,Being Aug-25 salary paid,N.A.,, Cash In Hand ,102001,,1500,
EE-2025-0000118,408003,Printing & Stationary,Unassigned,12-09-2025,Cash paid for xerox  printouts and folders,NA,, Cash In Hand ,102001,,900,
EE-2025-0000120,408003,Printing & Stationary,Unassigned,12-09-2025,Cash paid for coloured printouts,NA,, Cash In Hand ,102001,,180,
EE-2025-0000122,408006,Conveyance Charges,Unassigned,15-09-2025,Cash paid for visit to advocates office,NA,, Cash In Hand ,102001,,220,
EE-2025-0000124,408003,Printing & Stationary,Unassigned,18-09-2025,Cash paid for 18 printouts,NA,, Cash In Hand ,102001,,1000,
EE-2025-0000126,406008,Other Repair Maintenance,Unassigned,22-09-2025,Cash paid for cleaning society office,NA,, Cash In Hand ,102001,,50,
BE-2025-0000007,0,Bank Transfer,,24-09-2025,Being cash withdrawn,586593,, Cash In Hand ,102001,4500.00,,
EE-2025-0000128,406007,Electrical Repair Maintenance,Unassigned,27-09-2025,Cash paid for purchase of 2 bulbs,NA,, Cash In Hand ,102001,,950,
EE-2025-0000130,408003,Printing & Stationary,Unassigned,28-09-2025,Cash paid for purchse of stationery,NA,, Cash In Hand ,102001,,40,
EE-2025-0000132,408005,Meeting Expenses,Unassigned,28-09-2025,Cash paid for snacks for AGBM,NA,, Cash In Hand ,102001,,1200,
EE-2025-0000076,401001,Salary Expenses,Pumpman,05-10-2025,Being Sep-25 salary paid,N.A.,, Cash In Hand ,102001,,1100,
EE-2025-0000134,408006,Conveyance Charges,Unassigned,13-10-2025,Cash paid for travel to speed post letters,NA,, Cash In Hand ,102001,,85,
EE-2025-0000136,408004,Postage & Courier,Unassigned,13-10-2025,Cash paid for courier of letter to flat 17,NA,, Cash In Hand ,102001,,17,
EE-2025-0000138,406008,Other Repair Maintenance,Unassigned,13-10-2025,Cash paid for printout and tape of dave doll,NA,, Cash In Hand ,102001,,40,
BE-2025-0000008,0,Bank Transfer,,14-10-2025,Being cash withdrawn,586598,, Cash In Hand ,102001,3000.00,,
EE-2025-0000140,408006,Conveyance Charges,Unassigned,21-10-2025,Cash paid for travel to bmc to submit grevience letter,NA,, Cash In Hand ,102001,,118,
EE-2025-0000142,408003,Printing & Stationary,Unassigned,02-11-2025,Cash paid for printout to bmc and flat 17 letters,NA,, Cash In Hand ,102001,,40,
EE-2025-0000144,408006,Conveyance Charges,Unassigned,06-11-2025,Cash paid for travel from orlem to malad and back,NA,, Cash In Hand ,102001,,55,
EE-2025-0000146,408004,Postage & Courier,Unassigned,06-11-2025,Cash paid for courier of letter to flat 17,NA,, Cash In Hand ,102001,,23,
EE-2025-0000148,408003,Printing & Stationary,Unassigned,06-11-2025,Cash paid for purchase white envelope,NA,, Cash In Hand ,102001,,70,
EE-2025-0000150,408006,Conveyance Charges,Unassigned,07-11-2025,Cash paid for travel to bmc office,NA,, Cash In Hand ,102001,,55,
EE-2025-0000152,408003,Printing & Stationary,Unassigned,07-11-2025,Cash paid for printout and laminations,NA,, Cash In Hand ,102001,,40,
EE-2025-0000078,401001,Salary Expenses,Pumpman,05-12-2025,being Nov-25 salary paid,N.A.,, Cash In Hand ,102001,,1100,
EE-2025-0000156,406008,Other Repair Maintenance,Unassigned,12-12-2025,Cash paid for replaceing broken drain cover,NA,, Cash In Hand ,102001,,200,
EE-2025-0000154,406008,Other Repair Maintenance,Unassigned,28-12-2025,Cash paid for cleaning pump valve,NA,, Cash In Hand ,102001,,500,
EE-2025-0000191,401001,Salary Expenses,Pumpman,04-01-2026,Being Dec-2025 salary paid,N.A.,, Cash In Hand ,102001,,1100,
BE-2025-0000010,0,Bank Transfer,,05-01-2026,Being cash withdrawn,NA,, Cash In Hand ,102001,3500.00,,
EE-2025-0000193,408006,Conveyance Charges,Unassigned,06-01-2026,Cash paid for travelling to bmc office,N.A.,, Cash In Hand ,102001,,65,
EE-2025-0000185,408003,Printing & Stationary,Unassigned,07-01-2026,Cash paid for printout of letter to flat 17,N.A.,, Cash In Hand ,102001,,20,
EE-2025-0000187,408006,Conveyance Charges,Unassigned,09-01-2026,Cash paid for travelling to post office,N.A.,, Cash In Hand ,102001,,60,
EE-2025-0000189,408004,Postage & Courier,Unassigned,09-01-2026,Cash paid for postage of letter to flat 17,N.A.,, Cash In Hand ,102001,,23,
EE-2025-0000195,408006,Conveyance Charges,Unassigned,12-01-2026,Cash paid for travelling to advocates office,N.A.,, Cash In Hand ,102001,,220,
EE-2025-0000201,408003,Printing & Stationary,Unassigned,16-01-2026,Cash paid for printout of letter to flat 17,N.A.,, Cash In Hand ,102001,,10,
EE-2025-0000197,408006,Conveyance Charges,Unassigned,17-01-2026,Cash paid for travel to post office,N.A.,, Cash In Hand ,102001,,23,
EE-2025-0000199,408006,Conveyance Charges,Unassigned,17-01-2026,Cash paid for travelling to post office,N.A.,, Cash In Hand ,102001,,55,
EE-2025-0000203,401001,Salary Expenses,Pumpman,03-02-2026,Being Jan-26 salary paid,N.A.,, Cash In Hand ,102001,,1100,
EE-2025-0000205,408003,Printing & Stationary,Unassigned,03-02-2026,Cash paid for printout of agreement copies,N.A.,, Cash In Hand ,102001,,515,
EE-2025-0000207,408003,Printing & Stationary,Unassigned,13-02-2026,Cash paid for prinouts,N.A.,, Cash In Hand ,102001,,30,
EE-2025-0000209,408003,Printing & Stationary,Unassigned,20-02-2026,Cash paid for printouts and pen purchased,N.A.,, Cash In Hand ,102001,,36,
EE-2025-0000211,406008,Other Repair Maintenance,Unassigned,22-02-2026,Cash paid for purchase of mop for society,N.A.,, Cash In Hand ,102001,,200,
EE-2025-0000213,401001,Salary Expenses,Pumpman,04-03-2026,being Feb-26 salary paid,N.A.,, Cash In Hand ,102001,,1100,
BE-2025-0000011,0,Bank Transfer,,04-03-2026,Being cash withdrawn,NA,, Cash In Hand ,102001,5000.00,,
EE-2025-0000215,406008,Other Repair Maintenance,Unassigned,05-03-2026,Cash paid for clearing debris from work,N.A.,, Cash In Hand ,102001,,400,
EE-2025-0000217,408003,Printing & Stationary,Unassigned,07-03-2026,Cash paid for printouts of dave doll mcm and agm minutes,N.A.,, Cash In Hand ,102001,,350,
EE-2025-0000219,407006,Office Expenses,Unassigned,07-03-2026,Cash paid for typing all minutes,N.A.,, Cash In Hand ,102001,,300,
EE-2025-0000221,406007,Electrical Repair Maintenance,Unassigned,13-03-2026,Cash paid for materials and electrical repair work,N.A.,, Cash In Hand ,102001,,1270,
EE-2025-0000223,406008,Other Repair Maintenance,Unassigned,16-03-2026,Cash paid for cleaning duct areas,N.A.,, Cash In Hand ,102001,,100,
EE-2025-0000225,408014,Miscellaneous Expenses,Unassigned,19-03-2026,Cash paid for refreshments and garland for society grotto,N.A.,, Cash In Hand ,102001,,430,
EE-2025-0000227,408003,Printing & Stationary,Unassigned,20-03-2026,Cash paid for printouts and quotations,N.A.,, Cash In Hand ,102001,,45,

"Balance : 1625(Debit)","","","","","","","","","","38586","36961",

"Assets > Share with MDCC Bank ( 103001 ) ",
"Journal No","Other GL No.","Other Account","Subledger","Posted Date","Comments","Instrument No.","Instrument Bank","Account Name","GL Account No.","Debit","Credit",
"","","","","","Opening Balance","",""," Share with MDCC Bank ","103001","13000","",

"Balance : 13000(Debit)","","","","","","","","","","13000","0",

"Assets > TD0000405492/2 SF SCB ( 104001 ) ",
"Journal No","Other GL No.","Other Account","Subledger","Posted Date","Comments","Instrument No.","Instrument Bank","Account Name","GL Account No.","Debit","Credit",
"","","","","","Opening Balance","",""," TD0000405492/2 SF SCB ","104001","17591","",
JE-2025-0000024,104001,TD0000405492/2 SF SCB,,07-07-2025,Being FD 0405492 renewed and remade SCB - SF,,, TD0000405492/2 SF SCB ,104001,,17591.00,

"","","","","","","","","","","17591","17591",

"Assets > Accured Interest ( 105005 ) ",
"Journal No","Other GL No.","Other Account","Subledger","Posted Date","Comments","Instrument No.","Instrument Bank","Account Name","GL Account No.","Debit","Credit",
"","","","","","Opening Balance","",""," Accured Interest ","105005","18256","",
JE-2025-0000026,105005,Accured Interest,,22-06-2025,Being FD TD0000405493 02 SCB SF renewed and remade SCB - SF,,, Accured Interest ,105005,,3455.00,
JE-2025-0000031,105005,Accured Interest,,28-06-2025,Being FD  TD1000376662-02 renewed and remade SCB - SF,,, Accured Interest ,105005,,3686.00,
JE-2025-0000029,105005,Accured Interest,,06-07-2025,Being FD TD1000053155 02 renewed and remade SCB - SF,,, Accured Interest ,105005,,1400.00,
JE-2025-0000024,105005,Accured Interest,,07-07-2025,Being FD 0405492 renewed and remade SCB - SF,,, Accured Interest ,105005,,2334.00,
JE-2025-0000033,105005,Accured Interest,,07-03-2026,Being FD TD1000692312 02 renewed and remade SCB - SF,,, Accured Interest ,105005,,3394.00,
JE-2025-0000023,105005,Accured Interest,,31-03-2026,Being int accru on FD 405491 - SF - SCB,,, Accured Interest ,105005,1225.00,,
JE-2025-0000025,105005,Accured Interest,,31-03-2026,Being int accru on FD 0405492 - SF - SCB,,, Accured Interest ,105005,1061.00,,
JE-2025-0000027,105005,Accured Interest,,31-03-2026,Being int accru on FD 405493 - SF - SCB,,, Accured Interest ,105005,1265.00,,
JE-2025-0000028,105005,Accured Interest,,31-03-2026,Being int accru on FD 40719 - SF - SCB,,, Accured Interest ,105005,1954.00,,
JE-2025-0000030,105005,Accured Interest,,31-03-2026,Being int accru on FD 53155 - SF - SCB,,, Accured Interest ,105005,1452.00,,
JE-2025-0000032,105005,Accured Interest,,31-03-2026,Being int accru on FD TD1000376662 - RMF - SCB,,, Accured Interest ,105005,1411.00,,
JE-2025-0000034,105005,Accured Interest,,31-03-2026,Being int accru on FD TD1000692312 - RMF - SCB,,, Accured Interest ,105005,118.00,,
JE-2025-0000035,105005,Accured Interest,,31-03-2026,Being int accru on FD TD1001139004 - RMF - SCB,,, Accured Interest ,105005,1723.00,,
JE-2025-0000036,105005,Accured Interest,,31-03-2026,Being int accru on FD TD1001586949 - RMF - SCB,,, Accured Interest ,105005,1698.00,,
JE-2025-0000054,105005,Accured Interest,,31-03-2026,Being int accru on fd 101043021006026 CCB,,, Accured Interest ,105005,3.00,,

"Balance : 15897(Debit)","","","","","","","","","","30166","14269",

"Assets > TD1000376662 SCB SF ( 105018 ) ",
"Journal No","Other GL No.","Other Account","Subledger","Posted Date","Comments","Instrument No.","Instrument Bank","Account Name","GL Account No.","Debit","Credit",
"","","","","","Opening Balance","",""," TD1000376662 SCB SF ","105018","22000","",
JE-2025-0000031,105018,TD1000376662 SCB SF,,28-06-2025,Being FD  TD1000376662-02 renewed and remade SCB - SF,,, TD1000376662 SCB SF ,105018,,22000.00,

"","","","","","","","","","","22000","22000",

"Assets > TD1000692312 SCB SF ( 105019 ) ",
"Journal No","Other GL No.","Other Account","Subledger","Posted Date","Comments","Instrument No.","Instrument Bank","Account Name","GL Account No.","Debit","Credit",
"","","","","","Opening Balance","",""," TD1000692312 SCB SF ","105019","22000","",
JE-2025-0000033,105019,TD1000692312 SCB SF,,07-03-2026,Being FD TD1000692312 02 renewed and remade SCB - SF,,, TD1000692312 SCB SF ,105019,,22000.00,

"","","","","","","","","","","22000","22000",

"Assets > TD0000405493_01 SCB SF ( 105021 ) ",
"Journal No","Other GL No.","Other Account","Subledger","Posted Date","Comments","Instrument No.","Instrument Bank","Account Name","GL Account No.","Debit","Credit",
"","","","","","Opening Balance","",""," TD0000405493_01 SCB SF ","105021","20491","",
JE-2025-0000026,105021,TD0000405493_01 SCB SF,,22-06-2025,Being FD TD0000405493 02 SCB SF renewed and remade SCB - SF,,, TD0000405493_01 SCB SF ,105021,,20491.00,

"","","","","","","","","","","20491","20491",

"Assets > TD1001139004 SF SCB ( 105022 ) ",
"Journal No","Other GL No.","Other Account","Subledger","Posted Date","Comments","Instrument No.","Instrument Bank","Account Name","GL Account No.","Debit","Credit",
"","","","","","Opening Balance","",""," TD1001139004 SF SCB ","105022","22000","",

"Balance : 22000(Debit)","","","","","","","","","","22000","0",

"Assets > TD0000405491_02 SF SCB ( 105023 ) ",
"Journal No","Other GL No.","Other Account","Subledger","Posted Date","Comments","Instrument No.","Instrument Bank","Account Name","GL Account No.","Debit","Credit",
"","","","","","Opening Balance","",""," TD0000405491_02 SF SCB ","105023","16128","",

"Balance : 16128(Debit)","","","","","","","","","","16128","0",

"Assets > TD1000040719_01 SF SCB ( 105024 ) ",
"Journal No","Other GL No.","Other Account","Subledger","Posted Date","Comments","Instrument No.","Instrument Bank","Account Name","GL Account No.","Debit","Credit",
"","","","","","Opening Balance","",""," TD1000040719_01 SF SCB ","105024","25765","",

"Balance : 25765(Debit)","","","","","","","","","","25765","0",

"Assets > TD1000053155_01 SF SCB ( 105025 ) ",
"Journal No","Other GL No.","Other Account","Subledger","Posted Date","Comments","Instrument No.","Instrument Bank","Account Name","GL Account No.","Debit","Credit",
"","","","","","Opening Balance","",""," TD1000053155_01 SF SCB ","105025","25765","",
JE-2025-0000029,105025,TD1000053155_01 SF SCB,,06-07-2025,Being FD TD1000053155 02 renewed and remade SCB - SF,,, TD1000053155_01 SF SCB ,105025,,25765.00,

"","","","","","","","","","","25765","25765",

"Assets > TD1001586949 - SF SCB ( 105026 ) ",
"Journal No","Other GL No.","Other Account","Subledger","Posted Date","Comments","Instrument No.","Instrument Bank","Account Name","GL Account No.","Debit","Credit",
"","","","","","Opening Balance","",""," TD1001586949 - SF SCB ","105026","22000","",

"Balance : 22000(Debit)","","","","","","","","","","22000","0",

"Assets > Furniture  and  fixture ( 108001 ) ",
"Journal No","Other GL No.","Other Account","Subledger","Posted Date","Comments","Instrument No.","Instrument Bank","Account Name","GL Account No.","Debit","Credit",
"","","","","","Opening Balance","",""," Furniture  and  fixture ","108001","7034","",
JE-2025-0000051,108001,Furniture  and  fixture,,31-03-2026,Being Depriciation 10%,,, Furniture  and  fixture ,108001,,703.00,

"Balance : 6331(Debit)","","","","","","","","","","7034","703",

"Assets > Water Pump ( 108002 ) ",
"Journal No","Other GL No.","Other Account","Subledger","Posted Date","Comments","Instrument No.","Instrument Bank","Account Name","GL Account No.","Debit","Credit",
"","","","","","Opening Balance","",""," Water Pump ","108002","319","",
JE-2025-0000052,108002,Water Pump,,31-03-2026,Being Depriciation 15%,,, Water Pump ,108002,,48.00,

"Balance : 271(Debit)","","","","","","","","","","319","48",

"Assets > CCTV ( 108003 ) ",
"Journal No","Other GL No.","Other Account","Subledger","Posted Date","Comments","Instrument No.","Instrument Bank","Account Name","GL Account No.","Debit","Credit",
"","","","","","Opening Balance","",""," CCTV ","108003","20619","",
JE-2025-0000053,108003,CCTV,,31-03-2026,Being Depriciation 15%,,, CCTV ,108003,,3093.00,

"Balance : 17526(Debit)","","","","","","","","","","20619","3093",

"Assets > Prepaid Expenses- Lift Maintenance ( 109006 ) ",
"Journal No","Other GL No.","Other Account","Subledger","Posted Date","Comments","Instrument No.","Instrument Bank","Account Name","GL Account No.","Debit","Credit",
"","","","","","Opening Balance","",""," Prepaid Expenses- Lift Maintenance ","109006","6183","",
JE-2025-0000049,109006,Prepaid Expenses- Lift Maintenance,,01-04-2025,Being prepaid expenses from Apr to Aug 25 charged off,,, Prepaid Expenses- Lift Maintenance ,109006,,6183.00,
JE-2025-0000050,109006,Prepaid Expenses- Lift Maintenance,,06-12-2025,Being prepaid expenses from Apr to Aug 26,,, Prepaid Expenses- Lift Maintenance ,109006,6638.00,,

"Balance : 6638(Debit)","","","","","","","","","","12821","6183",

"Assets > Security Deposit [Reliance energy Ltd] ( 109007 ) ",
"Journal No","Other GL No.","Other Account","Subledger","Posted Date","Comments","Instrument No.","Instrument Bank","Account Name","GL Account No.","Debit","Credit",
"","","","","","Opening Balance","",""," Security Deposit [Reliance energy Ltd] ","109007","1590","",

"Balance : 1590(Debit)","","","","","","","","","","1590","0",

"Assets > Prepaid Expenses- Insurance ( 109009 ) ",
"Journal No","Other GL No.","Other Account","Subledger","Posted Date","Comments","Instrument No.","Instrument Bank","Account Name","GL Account No.","Debit","Credit",
"","","","","","Opening Balance","",""," Prepaid Expenses- Insurance ","109009","3686","",
JE-2025-0000045,109009,Prepaid Expenses- Insurance,,01-04-2025,Being prepaid exps from 1st Apr 25 to 8th Jun 25 charged off,,, Prepaid Expenses- Insurance ,109009,,3686.00,
JE-2025-0000046,109009,Prepaid Expenses- Insurance,,17-04-2025,Being prepaid exps from 1st Apr 26 to 8th Jun 26,,, Prepaid Expenses- Insurance ,109009,3686.00,,

"Balance : 3686(Debit)","","","","","","","","","","7372","3686",

"Assets > Prepaid Expenses - Pest Control  ( 109010 ) ",
"Journal No","Other GL No.","Other Account","Subledger","Posted Date","Comments","Instrument No.","Instrument Bank","Account Name","GL Account No.","Debit","Credit",
"","","","","","Opening Balance","",""," Prepaid Expenses - Pest Control  ","109010","7715","",
JE-2025-0000043,109010,Prepaid Expenses - Pest Control ,,01-04-2025,Being prepaid exps from 1st Apr 25 to 27th Mar 26 charged off,,, Prepaid Expenses - Pest Control  ,109010,,7715.00,

"","","","","","","","","","","7715","7715",

"Assets > TD0000405492/3 SF SCB ( 109012 ) ",
"Journal No","Other GL No.","Other Account","Subledger","Posted Date","Comments","Instrument No.","Instrument Bank","Account Name","GL Account No.","Debit","Credit",
"","","","","","Opening Balance","",""," TD0000405492/3 SF SCB ","109012","","",
JE-2025-0000024,109012,TD0000405492/3 SF SCB,,07-07-2025,Being FD 0405492 renewed and remade SCB - SF,,, TD0000405492/3 SF SCB ,109012,20310.00,,

"Balance : 20310(Debit)","","","","","","","","","","20310","0",

"Assets > TD0000405493_02 SCB SF ( 109013 ) ",
"Journal No","Other GL No.","Other Account","Subledger","Posted Date","Comments","Instrument No.","Instrument Bank","Account Name","GL Account No.","Debit","Credit",
"","","","","","Opening Balance","",""," TD0000405493_02 SCB SF ","109013","","",
JE-2025-0000026,109013,TD0000405493_02 SCB SF,,22-06-2025,Being FD TD0000405493 02 SCB SF renewed and remade SCB - SF,,, TD0000405493_02 SCB SF ,109013,24247.00,,

"Balance : 24247(Debit)","","","","","","","","","","24247","0",

"Assets > TD1000053155_02 SF SCB ( 109014 ) ",
"Journal No","Other GL No.","Other Account","Subledger","Posted Date","Comments","Instrument No.","Instrument Bank","Account Name","GL Account No.","Debit","Credit",
"","","","","","Opening Balance","",""," TD1000053155_02 SF SCB ","109014","","",
JE-2025-0000029,109014,TD1000053155_02 SF SCB,,06-07-2025,Being FD TD1000053155 02 renewed and remade SCB - SF,,, TD1000053155_02 SF SCB ,109014,27684.00,,

"Balance : 27684(Debit)","","","","","","","","","","27684","0",

"Assets > TD1000376662_02 SCB SF ( 109015 ) ",
"Journal No","Other GL No.","Other Account","Subledger","Posted Date","Comments","Instrument No.","Instrument Bank","Account Name","GL Account No.","Debit","Credit",
"","","","","","Opening Balance","",""," TD1000376662_02 SCB SF ","109015","","",
JE-2025-0000031,109015,TD1000376662_02 SCB SF,,28-06-2025,Being FD  TD1000376662-02 renewed and remade SCB - SF,,, TD1000376662_02 SCB SF ,109015,26033.00,,

"Balance : 26033(Debit)","","","","","","","","","","26033","0",

"Assets > TD1000692312_02 SCB SF ( 109016 ) ",
"Journal No","Other GL No.","Other Account","Subledger","Posted Date","Comments","Instrument No.","Instrument Bank","Account Name","GL Account No.","Debit","Credit",
"","","","","","Opening Balance","",""," TD1000692312_02 SCB SF ","109016","","",
JE-2025-0000033,109016,TD1000692312_02 SCB SF,,07-03-2026,Being FD TD1000692312 02 renewed and remade SCB - SF,,, TD1000692312_02 SCB SF ,109016,27092.00,,

"Balance : 27092(Debit)","","","","","","","","","","27092","0",

"Assets > 101043021006026 CCB SF ( 109018 ) ",
"Journal No","Other GL No.","Other Account","Subledger","Posted Date","Comments","Instrument No.","Instrument Bank","Account Name","GL Account No.","Debit","Credit",
"","","","","","Opening Balance","",""," 101043021006026 CCB SF ","109018","","",
JE-2025-0000041,109018,101043021006026 CCB SF,,30-03-2026,Being new fd made CCB,,, 101043021006026 CCB SF ,109018,22000.00,,

"Balance : 22000(Debit)","","","","","","","","","","22000","0",

