"Expenses  > Salary Expenses ( 401001 ) ",
"Journal No","Other GL No.","Other Account","Subledger","Posted Date","Comments","Instrument No.","Instrument Bank","Account Name","GL Account No.","Debit","Credit",
"","","","","","Opening Balance","",""," Salary Expenses ","401001","","",
EE-2025-0000055,401001,Salary Expenses,Pumpman,06-05-2025,Being Apr-25 salary paid,,, Salary Expenses ,401001,1000,,
EE-2025-0000057,401001,Salary Expenses,Sweeper,06-05-2025,Being Apr-25 salary paid,,, Salary Expenses ,401001,1500,,
EE-2025-0000059,401001,Salary Expenses,Sweeper,05-06-2025,Being May-25 salary paid,,, Salary Expenses ,401001,1500,,
EE-2025-0000061,401001,Salary Expenses,Pumpman,05-06-2025,Being May-25 salary paid,,, Salary Expenses ,401001,1000,,
EE-2025-0000063,401001,Salary Expenses,Pumpman,05-07-2025,Being Jun-25 salary paid,,, Salary Expenses ,401001,1000,,
EE-2025-0000065,401001,Salary Expenses,Sweeper,05-07-2025,Being Jun-25 salary paid,,, Salary Expenses ,401001,1500,,
EE-2025-0000067,401001,Salary Expenses,Pumpman,05-08-2025,Being Jul-25 salary paid,,, Salary Expenses ,401001,1100,,
EE-2025-0000069,401001,Salary Expenses,Sweeper,05-08-2025,Being Jul-25 salary paid,,, Salary Expenses ,401001,1500,,
EE-2025-0000071,401001,Salary Expenses,Pumpman,05-09-2025,Being Aug-25 salary paid,,, Salary Expenses ,401001,1100,,
EE-2025-0000073,401001,Salary Expenses,Sweeper,05-09-2025,Being Aug-25 salary paid,,, Salary Expenses ,401001,1500,,
EE-2025-0000033,401001,Salary Expenses,Sweeper,05-10-2025,Being Sep-25 salary paid,,, Salary Expenses ,401001,2100,,
EE-2025-0000075,401001,Salary Expenses,Pumpman,05-10-2025,Being Sep-25 salary paid,,, Salary Expenses ,401001,1100,,
EE-2025-0000043,401001,Salary Expenses,Pumpman,02-11-2025,Being Oct-25 salary and bonus paid,,, Salary Expenses ,401001,2100,,
EE-2025-0000045,401001,Salary Expenses,Sweeper,02-11-2025,Being Oct-25 salary and bonus paid,,, Salary Expenses ,401001,3300,,
EE-2025-0000047,401001,Salary Expenses,Sweeper,02-12-2025,being Nov-25 salary paid,,, Salary Expenses ,401001,1800,,
EE-2025-0000077,401001,Salary Expenses,Pumpman,05-12-2025,being Nov-25 salary paid,,, Salary Expenses ,401001,1100,,
EE-2025-0000163,401001,Salary Expenses,Sweeper,31-12-2025,Dec-2025 - Sunit Duldach,,, Salary Expenses ,401001,1800,,
EE-2025-0000190,401001,Salary Expenses,Pumpman,04-01-2026,Being Dec-2025 salary paid,,, Salary Expenses ,401001,1100,,
EE-2025-0000174,401001,Salary Expenses,Sweeper,31-01-2026,Jan-26 - Sunita Dulgach,,, Salary Expenses ,401001,1800,,
EE-2025-0000202,401001,Salary Expenses,Pumpman,03-02-2026,Being Jan-26 salary paid,,, Salary Expenses ,401001,1100,,
EE-2025-0000180,401001,Salary Expenses,Sweeper,28-02-2026,Feb-26 - Sunital Dulgach,,, Salary Expenses ,401001,1800,,
EE-2025-0000212,401001,Salary Expenses,Pumpman,04-03-2026,being Feb-26 salary paid,,, Salary Expenses ,401001,1100,,

"Balance : 32900(Debit)","","","","","","","","","","32900","0",

"Expenses  > Property Tax - Members ( 402001 ) ",
"Journal No","Other GL No.","Other Account","Subledger","Posted Date","Comments","Instrument No.","Instrument Bank","Account Name","GL Account No.","Debit","Credit",
"","","","","","Opening Balance","",""," Property Tax - Members ","402001","","",
EE-2025-0000006,402001,Property Tax - Members,BMC,15-05-2025,PN1805760170000 For Period 01.04.25 to 30.09.25,,, Property Tax - Members ,402001,40567,,
EE-2025-0000007,402001,Property Tax - Members,BMC,15-05-2025,PN1805760170000 For Period 01.10.25 to 31.03.26,,, Property Tax - Members ,402001,40567,,

"Balance : 81134(Debit)","","","","","","","","","","81134","0",

"Expenses  > Common Area Electricity Expenses ( 403001 ) ",
"Journal No","Other GL No.","Other Account","Subledger","Posted Date","Comments","Instrument No.","Instrument Bank","Account Name","GL Account No.","Debit","Credit",
"","","","","","Opening Balance","",""," Common Area Electricity Expenses ","403001","","",
EE-2025-0000017,403001,Common Area Electricity Expenses,Adani Electricity,13-05-2025,Being Mar-25 & Apr-25 electricity bill paid,,, Common Area Electricity Expenses ,403001,8380,,
EE-2025-0000020,403001,Common Area Electricity Expenses,Adani Electricity,16-06-2025,being May-25 bill paid,,, Common Area Electricity Expenses ,403001,3916.35,,
EE-2025-0000022,403001,Common Area Electricity Expenses,Adani Electricity,17-07-2025,Being Jun-25 bill paid,,, Common Area Electricity Expenses ,403001,4340,,
EE-2025-0000027,403001,Common Area Electricity Expenses,Adani Electricity,28-08-2025,Being Jul-25 bill paid,,, Common Area Electricity Expenses ,403001,4260,,
EE-2025-0000035,403001,Common Area Electricity Expenses,Adani Electricity,24-09-2025,Being Aug-25 bill paid,,, Common Area Electricity Expenses ,403001,4390,,
EE-2025-0000041,403001,Common Area Electricity Expenses,Adani Electricity,17-10-2025,Being Sept-25 bill paid,,, Common Area Electricity Expenses ,403001,4250,,
EE-2025-0000157,403001,Common Area Electricity Expenses,Adani Electricity,20-11-2025,Being Oct-25 bill paid,,, Common Area Electricity Expenses ,403001,4030,,
EE-2025-0000159,403001,Common Area Electricity Expenses,Adani Electricity,12-12-2025,being Nov-25 bill paid,,, Common Area Electricity Expenses ,403001,3940,,
EE-2025-0000172,403001,Common Area Electricity Expenses,Adani Electricity,17-01-2026,Being Dec-2025 bill paid,,, Common Area Electricity Expenses ,403001,4190,,
EE-2025-0000178,403001,Common Area Electricity Expenses,Adani Electricity,13-02-2026,Being Jan-26 bill paid,,, Common Area Electricity Expenses ,403001,3960,,
EE-2025-0000182,403001,Common Area Electricity Expenses,Adani Electricity,16-03-2026,being Feb-26 bil paid,,, Common Area Electricity Expenses ,403001,4520,,

"Balance : 50176.35(Debit)","","","","","","","","","","50176.35","0",

"Expenses  > Water Expenses ( 404001 ) ",
"Journal No","Other GL No.","Other Account","Subledger","Posted Date","Comments","Instrument No.","Instrument Bank","Account Name","GL Account No.","Debit","Credit",
"","","","","","Opening Balance","",""," Water Expenses ","404001","","",
EE-2025-0000016,404001,Water Expenses,BMC,23-06-2025,PNK6410000 - Period 13.01.25 to 11.04.25  88 days  - 491 kl,,, Water Expenses ,404001,6109,,
EE-2025-0000165,404001,Water Expenses,BMC,18-12-2025,Ac. PNK6410000 for 11.04.25 to 11.07.25 - 91 days - 592 units,,, Water Expenses ,404001,7106,,
EE-2025-0000166,404001,Water Expenses,BMC,18-12-2025,Ac.  PNK6410000 for 11.07.25 to 13.10.25 - 94 days - 612 units,,, Water Expenses ,404001,8058,,
EE-2025-0000230,404001,Water Expenses,BMC,31-03-2026,13-10-2025 to 13-01-2026,,, Water Expenses ,404001,6527,,
JE-2025-0000057,404001,Water Expenses,,01-04-2025,Being provision made from 13th Jan to 31st Mar 25 - 77 days Reversed,,, Water Expenses ,404001,,5345.00,
JE-2025-0000020,404001,Water Expenses,,30-01-2026,Being excess water bill paid vide   586566 recovered by society,,, Water Expenses ,404001,,1442.00,
JE-2025-0000058,404001,Water Expenses,,31-03-2026,Being provision made from 13th Jan to 31st Mar 26 - 77 days,,, Water Expenses ,404001,5463.00,,

"Balance : 26476(Debit)","","","","","","","","","","33263","6787",

"Expenses  > Water Tank Cleaning Expenses ( 404005 ) ",
"Journal No","Other GL No.","Other Account","Subledger","Posted Date","Comments","Instrument No.","Instrument Bank","Account Name","GL Account No.","Debit","Credit",
"","","","","","Opening Balance","",""," Water Tank Cleaning Expenses ","404005","","",
EE-2025-0000161,404005,Water Tank Cleaning Expenses,Unassigned,05-01-2026,Being amt paid for cleaning water tanks - Lalean tck,,, Water Tank Cleaning Expenses ,404005,2600,,

"Balance : 2600(Debit)","","","","","","","","","","2600","0",

"Expenses  > Lift AMC Expenses ( 405001 ) ",
"Journal No","Other GL No.","Other Account","Subledger","Posted Date","Comments","Instrument No.","Instrument Bank","Account Name","GL Account No.","Debit","Credit",
"","","","","","Opening Balance","",""," Lift AMC Expenses ","405001","","",
EE-2025-0000051,405001,Lift AMC Expenses,US Elevators,06-12-2025,Lift AMC paid for period 2025-26,,, Lift AMC Expenses ,405001,15930,,
JE-2025-0000049,405001,Lift AMC Expenses,,01-04-2025,Being prepaid expenses from Apr to Aug 25 charged off,,, Lift AMC Expenses ,405001,6183.00,,
JE-2025-0000050,405001,Lift AMC Expenses,,06-12-2025,Being prepaid expenses from Apr to Aug 26,,, Lift AMC Expenses ,405001,,6638.00,

"Balance : 15475(Debit)","","","","","","","","","","22113","6638",

"Expenses  > Electrical Repair Maintenance ( 406007 ) ",
"Journal No","Other GL No.","Other Account","Subledger","Posted Date","Comments","Instrument No.","Instrument Bank","Account Name","GL Account No.","Debit","Credit",
"","","","","","Opening Balance","",""," Electrical Repair Maintenance ","406007","","",
EE-2025-0000079,406007,Electrical Repair Maintenance,Unassigned,10-04-2025,Cash paid for purchase of led bulb,,, Electrical Repair Maintenance ,406007,80,,
EE-2025-0000083,406007,Electrical Repair Maintenance,Unassigned,03-05-2025,Cash paid for purchase 1 nos led bulbs,,, Electrical Repair Maintenance ,406007,80,,
EE-2025-0000127,406007,Electrical Repair Maintenance,Unassigned,27-09-2025,Cash paid for purchase of 2 bulbs,,, Electrical Repair Maintenance ,406007,950,,
EE-2025-0000220,406007,Electrical Repair Maintenance,Unassigned,13-03-2026,Cash paid for materials and electrical repair work,,, Electrical Repair Maintenance ,406007,1270,,

"Balance : 2380(Debit)","","","","","","","","","","2380","0",

"Expenses  > Other Repair Maintenance ( 406008 ) ",
"Journal No","Other GL No.","Other Account","Subledger","Posted Date","Comments","Instrument No.","Instrument Bank","Account Name","GL Account No.","Debit","Credit",
"","","","","","Opening Balance","",""," Other Repair Maintenance ","406008","","",
EE-2025-0000085,406008,Other Repair Maintenance,Unassigned,08-05-2025,Cash paid for replaceing broken drain cover,,, Other Repair Maintenance ,406008,200,,
EE-2025-0000093,406008,Other Repair Maintenance,Unassigned,05-06-2025,Cash paid for cleaning choked sewage draings,,, Other Repair Maintenance ,406008,1000,,
EE-2025-0000095,406008,Other Repair Maintenance,Unassigned,10-06-2025,Cash paid for purchase of patti,,, Other Repair Maintenance ,406008,200,,
EE-2025-0000101,406008,Other Repair Maintenance,Unassigned,09-07-2025,Cash paid for cleaning choked sewage draings,,, Other Repair Maintenance ,406008,1000,,
EE-2025-0000107,406008,Other Repair Maintenance,Unassigned,29-07-2025,Cash paid for bleaching powder  lime and other materials,,, Other Repair Maintenance ,406008,430,,
EE-2025-0000111,406008,Other Repair Maintenance,Unassigned,09-08-2025,Cash paid for cleaning choked sewage draings,,, Other Repair Maintenance ,406008,1000,,
EE-2025-0000115,406008,Other Repair Maintenance,Unassigned,20-08-2025,Cash paid for clearing debris near society office gate,,, Other Repair Maintenance ,406008,700,,
EE-2025-0000125,406008,Other Repair Maintenance,Unassigned,22-09-2025,Cash paid for cleaning society office,,, Other Repair Maintenance ,406008,50,,
EE-2025-0000031,406008,Other Repair Maintenance,Unassigned,24-09-2025,Being amt paid for 2 acp sheets for pump room - Narayan electric,,, Other Repair Maintenance ,406008,2800,,
EE-2025-0000137,406008,Other Repair Maintenance,Unassigned,13-10-2025,Cash paid for printout and tape of dave doll,,, Other Repair Maintenance ,406008,40,,
EE-2025-0000053,406008,Other Repair Maintenance,Unassigned,10-12-2025,Being amt paid for society s 12 sewage draings - Bandan,,, Other Repair Maintenance ,406008,3000,,
EE-2025-0000155,406008,Other Repair Maintenance,Unassigned,12-12-2025,Cash paid for replaceing broken drain cover,,, Other Repair Maintenance ,406008,200,,
EE-2025-0000153,406008,Other Repair Maintenance,Unassigned,28-12-2025,Cash paid for cleaning pump valve,,, Other Repair Maintenance ,406008,500,,
EE-2025-0000176,406008,Other Repair Maintenance,Unassigned,07-02-2026,Being amt paid for sewage drain repair - Alazad enterprises,,, Other Repair Maintenance ,406008,2460,,
EE-2025-0000210,406008,Other Repair Maintenance,Unassigned,22-02-2026,Cash paid for purchase of mop for society,,, Other Repair Maintenance ,406008,200,,
EE-2025-0000214,406008,Other Repair Maintenance,Unassigned,05-03-2026,Cash paid for clearing debris from work,,, Other Repair Maintenance ,406008,400,,
EE-2025-0000222,406008,Other Repair Maintenance,Unassigned,16-03-2026,Cash paid for cleaning duct areas,,, Other Repair Maintenance ,406008,100,,

"Balance : 14280(Debit)","","","","","","","","","","14280","0",

"Expenses  > Pest Control ( 406012 ) ",
"Journal No","Other GL No.","Other Account","Subledger","Posted Date","Comments","Instrument No.","Instrument Bank","Account Name","GL Account No.","Debit","Credit",
"","","","","","Opening Balance","",""," Pest Control ","406012","","",
JE-2025-0000043,406012,Pest Control,,01-04-2025,Being prepaid exps from 1st Apr 25 to 27th Mar 26 charged off,,, Pest Control ,406012,7715.00,,

"Balance : 7715(Debit)","","","","","","","","","","7715","0",

"Expenses  > Major Repairs ( 406013 ) ",
"Journal No","Other GL No.","Other Account","Subledger","Posted Date","Comments","Instrument No.","Instrument Bank","Account Name","GL Account No.","Debit","Credit",
"","","","","","Opening Balance","",""," Major Repairs ","406013","","",
EE-2025-0000049,406013,Major Repairs,AGM Construction Co.,05-12-2025,Being advance for replatering and replacing of sweage drain covers,,, Major Repairs ,406013,10000,,
JE-2025-0000056,406013,Major Repairs,,31-03-2026,Being exp incured during the year trf to liabi,,, Major Repairs ,406013,,10000.00,

"","","","","","","","","","","10000","10000",

"Expenses  > Office Expenses ( 407006 ) ",
"Journal No","Other GL No.","Other Account","Subledger","Posted Date","Comments","Instrument No.","Instrument Bank","Account Name","GL Account No.","Debit","Credit",
"","","","","","Opening Balance","",""," Office Expenses ","407006","","",
EE-2025-0000218,407006,Office Expenses,Unassigned,07-03-2026,Cash paid for typing all minutes,,, Office Expenses ,407006,300,,

"Balance : 300(Debit)","","","","","","","","","","300","0",

"Expenses  > Depreciation ( 407007 ) ",
"Journal No","Other GL No.","Other Account","Subledger","Posted Date","Comments","Instrument No.","Instrument Bank","Account Name","GL Account No.","Debit","Credit",
"","","","","","Opening Balance","",""," Depreciation ","407007","","",
JE-2025-0000051,407007,Depreciation,,31-03-2026,Being Depriciation 10%,,, Depreciation ,407007,703.00,,
JE-2025-0000052,407007,Depreciation,,31-03-2026,Being Depriciation 15%,,, Depreciation ,407007,48.00,,
JE-2025-0000053,407007,Depreciation,,31-03-2026,Being Depriciation 15%,,, Depreciation ,407007,3093.00,,

"Balance : 3844(Debit)","","","","","","","","","","3844","0",

"Expenses  > Insurance Expenses ( 407008 ) ",
"Journal No","Other GL No.","Other Account","Subledger","Posted Date","Comments","Instrument No.","Instrument Bank","Account Name","GL Account No.","Debit","Credit",
"","","","","","Opening Balance","",""," Insurance Expenses ","407008","","",
EE-2026-0000001,407008,Insurance Expenses,ICICI Lombard,17-04-2025,Policy No -       00 000 - Period 09.06.2025 to 08.06.2026,,, Insurance Expenses ,407008,19500,,
JE-2025-0000045,407008,Insurance Expenses,,01-04-2025,Being prepaid exps from 1st Apr 25 to 8th Jun 25 charged off,,, Insurance Expenses ,407008,3686.00,,
JE-2025-0000046,407008,Insurance Expenses,,17-04-2025,Being prepaid exps from 1st Apr 26 to 8th Jun 26,,, Insurance Expenses ,407008,,3686.00,

"Balance : 19500(Debit)","","","","","","","","","","23186","3686",

"Expenses  > Audit Fees ( 407011 ) ",
"Journal No","Other GL No.","Other Account","Subledger","Posted Date","Comments","Instrument No.","Instrument Bank","Account Name","GL Account No.","Debit","Credit",
"","","","","","Opening Balance","",""," Audit Fees ","407011","","",
EE-2025-0000037,407011,Audit Fees,Statutory Auditor,10-10-2025,Being audit fees paid,,, Audit Fees ,407011,2500,,

"Balance : 2500(Debit)","","","","","","","","","","2500","0",

"Expenses  > Accounting Charges ( 408002 ) ",
"Journal No","Other GL No.","Other Account","Subledger","Posted Date","Comments","Instrument No.","Instrument Bank","Account Name","GL Account No.","Debit","Credit",
"","","","","","Opening Balance","",""," Accounting Charges ","408002","","",
EE-2025-0000001,408002,Accounting Charges,Irene Rosario,01-04-2025,Apr to June 2025,,, Accounting Charges ,408002,3148,,
EE-2025-0000014,408002,Accounting Charges,Irene Rosario,07-07-2025,July to Sept 25,,, Accounting Charges ,408002,3148,,
EE-2025-0000039,408002,Accounting Charges,Irene Rosario,01-10-2025,Oct to Dec 2025,,, Accounting Charges ,408002,3148,,
EE-2025-0000170,408002,Accounting Charges,Irene Rosario,01-01-2026,Jan to Mar 2026,,, Accounting Charges ,408002,3148,,

"Balance : 12592(Debit)","","","","","","","","","","12592","0",

"Expenses  > Printing & Stationary ( 408003 ) ",
"Journal No","Other GL No.","Other Account","Subledger","Posted Date","Comments","Instrument No.","Instrument Bank","Account Name","GL Account No.","Debit","Credit",
"","","","","","Opening Balance","",""," Printing & Stationary ","408003","","",
EE-2025-0000081,408003,Printing & Stationary,Unassigned,16-04-2025,Cash paid for 5 printouts - MR Digital,,, Printing & Stationary ,408003,25,,
EE-2025-0000089,408003,Printing & Stationary,Unassigned,05-06-2025,Cash paid for purchase of cash vouchers,,, Printing & Stationary ,408003,100,,
EE-2025-0000091,408003,Printing & Stationary,Unassigned,05-06-2025,Cash paid for xerox and printouts,,, Printing & Stationary ,408003,117,,
EE-2025-0000097,408003,Printing & Stationary,Unassigned,19-06-2025,Cash paid for printouts and xerox,,, Printing & Stationary ,408003,96,,
EE-2025-0000099,408003,Printing & Stationary,Unassigned,23-06-2025,Cash paid for printouts and xerox,,, Printing & Stationary ,408003,220,,
EE-2025-0000103,408003,Printing & Stationary,Unassigned,11-07-2025,Cash paid for 18 printouts,,, Printing & Stationary ,408003,58,,
EE-2025-0000105,408003,Printing & Stationary,Unassigned,24-07-2025,Cash paid for xerox   files  folders  etc,,, Printing & Stationary ,408003,100,,
EE-2025-0000109,408003,Printing & Stationary,Unassigned,07-08-2025,Cash paid for purchase of stamps and stamp pads,,, Printing & Stationary ,408003,150,,
EE-2025-0000117,408003,Printing & Stationary,Unassigned,12-09-2025,Cash paid for xerox  printouts and folders,,, Printing & Stationary ,408003,900,,
EE-2025-0000119,408003,Printing & Stationary,Unassigned,12-09-2025,Cash paid for coloured printouts,,, Printing & Stationary ,408003,180,,
EE-2025-0000029,408003,Printing & Stationary,Unassigned,17-09-2025,Being amt paid for printing society letter heads - Ajay screen arts,,, Printing & Stationary ,408003,1500,,
EE-2025-0000123,408003,Printing & Stationary,Unassigned,18-09-2025,Cash paid for 18 printouts,,, Printing & Stationary ,408003,1000,,
EE-2025-0000129,408003,Printing & Stationary,Unassigned,28-09-2025,Cash paid for purchse of stationery,,, Printing & Stationary ,408003,40,,
EE-2025-0000141,408003,Printing & Stationary,Unassigned,02-11-2025,Cash paid for printout to bmc and flat 17 letters,,, Printing & Stationary ,408003,40,,
EE-2025-0000147,408003,Printing & Stationary,Unassigned,06-11-2025,Cash paid for purchase white envelope,,, Printing & Stationary ,408003,70,,
EE-2025-0000151,408003,Printing & Stationary,Unassigned,07-11-2025,Cash paid for printout and laminations,,, Printing & Stationary ,408003,40,,
EE-2025-0000184,408003,Printing & Stationary,Unassigned,07-01-2026,Cash paid for printout of letter to flat 17,,, Printing & Stationary ,408003,20,,
EE-2025-0000200,408003,Printing & Stationary,Unassigned,16-01-2026,Cash paid for printout of letter to flat 17,,, Printing & Stationary ,408003,10,,
EE-2025-0000204,408003,Printing & Stationary,Unassigned,03-02-2026,Cash paid for printout of agreement copies,,, Printing & Stationary ,408003,515,,
EE-2025-0000206,408003,Printing & Stationary,Unassigned,13-02-2026,Cash paid for prinouts,,, Printing & Stationary ,408003,30,,
EE-2025-0000208,408003,Printing & Stationary,Unassigned,20-02-2026,Cash paid for printouts and pen purchased,,, Printing & Stationary ,408003,36,,
EE-2025-0000216,408003,Printing & Stationary,Unassigned,07-03-2026,Cash paid for printouts of dave doll mcm and agm minutes,,, Printing & Stationary ,408003,350,,
EE-2025-0000226,408003,Printing & Stationary,Unassigned,20-03-2026,Cash paid for printouts and quotations,,, Printing & Stationary ,408003,45,,

"Balance : 5642(Debit)","","","","","","","","","","5642","0",

"Expenses  > Postage & Courier ( 408004 ) ",
"Journal No","Other GL No.","Other Account","Subledger","Posted Date","Comments","Instrument No.","Instrument Bank","Account Name","GL Account No.","Debit","Credit",
"","","","","","Opening Balance","",""," Postage & Courier ","408004","","",
EE-2025-0000135,408004,Postage & Courier,Unassigned,13-10-2025,Cash paid for courier of letter to flat 17,,, Postage & Courier ,408004,17,,
EE-2025-0000145,408004,Postage & Courier,Unassigned,06-11-2025,Cash paid for courier of letter to flat 17,,, Postage & Courier ,408004,23,,
EE-2025-0000188,408004,Postage & Courier,Unassigned,09-01-2026,Cash paid for postage of letter to flat 17,,, Postage & Courier ,408004,23,,

"Balance : 63(Debit)","","","","","","","","","","63","0",

"Expenses  > Meeting Expenses ( 408005 ) ",
"Journal No","Other GL No.","Other Account","Subledger","Posted Date","Comments","Instrument No.","Instrument Bank","Account Name","GL Account No.","Debit","Credit",
"","","","","","Opening Balance","",""," Meeting Expenses ","408005","","",
EE-2025-0000131,408005,Meeting Expenses,Unassigned,28-09-2025,Cash paid for snacks for AGBM,,, Meeting Expenses ,408005,1200,,

"Balance : 1200(Debit)","","","","","","","","","","1200","0",

"Expenses  > Conveyance Charges ( 408006 ) ",
"Journal No","Other GL No.","Other Account","Subledger","Posted Date","Comments","Instrument No.","Instrument Bank","Account Name","GL Account No.","Debit","Credit",
"","","","","","Opening Balance","",""," Conveyance Charges ","408006","","",
EE-2025-0000087,408006,Conveyance Charges,Unassigned,10-05-2025,Cash paid for visit to BMC office,,, Conveyance Charges ,408006,240,,
EE-2025-0000113,408006,Conveyance Charges,Unassigned,12-08-2025,Cash paid for visit to advocates office,,, Conveyance Charges ,408006,230,,
EE-2025-0000121,408006,Conveyance Charges,Unassigned,15-09-2025,Cash paid for visit to advocates office,,, Conveyance Charges ,408006,220,,
EE-2025-0000133,408006,Conveyance Charges,Unassigned,13-10-2025,Cash paid for travel to speed post letters,,, Conveyance Charges ,408006,85,,
EE-2025-0000139,408006,Conveyance Charges,Unassigned,21-10-2025,Cash paid for travel to bmc to submit grevience letter,,, Conveyance Charges ,408006,118,,
EE-2025-0000143,408006,Conveyance Charges,Unassigned,06-11-2025,Cash paid for travel from orlem to malad and back,,, Conveyance Charges ,408006,55,,
EE-2025-0000149,408006,Conveyance Charges,Unassigned,07-11-2025,Cash paid for travel to bmc office,,, Conveyance Charges ,408006,55,,
EE-2025-0000192,408006,Conveyance Charges,Unassigned,06-01-2026,Cash paid for travelling to bmc office,,, Conveyance Charges ,408006,65,,
EE-2025-0000186,408006,Conveyance Charges,Unassigned,09-01-2026,Cash paid for travelling to post office,,, Conveyance Charges ,408006,60,,
EE-2025-0000194,408006,Conveyance Charges,Unassigned,12-01-2026,Cash paid for travelling to advocates office,,, Conveyance Charges ,408006,220,,
EE-2025-0000196,408006,Conveyance Charges,Unassigned,17-01-2026,Cash paid for travel to post office,,, Conveyance Charges ,408006,23,,
EE-2025-0000198,408006,Conveyance Charges,Unassigned,17-01-2026,Cash paid for travelling to post office,,, Conveyance Charges ,408006,55,,

"Balance : 1426(Debit)","","","","","","","","","","1426","0",

"Expenses  > Professional Fees ( 408010 ) ",
"Journal No","Other GL No.","Other Account","Subledger","Posted Date","Comments","Instrument No.","Instrument Bank","Account Name","GL Account No.","Debit","Credit",
"","","","","","Opening Balance","",""," Professional Fees ","408010","","",
EE-2025-0000168,408010,Professional Fees,Irene Rosario,15-01-2026,ITR Filing Fee for FY 2024-25,,, Professional Fees ,408010,1500,,

"Balance : 1500(Debit)","","","","","","","","","","1500","0",

"Expenses  > Bank Charges ( 408011 ) ",
"Journal No","Other GL No.","Other Account","Subledger","Posted Date","Comments","Instrument No.","Instrument Bank","Account Name","GL Account No.","Debit","Credit",
"","","","","","Opening Balance","",""," Bank Charges ","408011","","",
EE-2025-0000228,408011,Bank Charges,Unassigned,20-01-2026,Flat 08 chq bounce charges - CCB,,, Bank Charges ,408011,118,,
JE-2025-0000012,408011,Bank Charges,,16-08-2025,Duplicate passbook chgs - CCB,,, Bank Charges ,408011,59.00,,

"Balance : 177(Debit)","","","","","","","","","","177","0",

"Expenses  > Miscellaneous Expenses ( 408014 ) ",
"Journal No","Other GL No.","Other Account","Subledger","Posted Date","Comments","Instrument No.","Instrument Bank","Account Name","GL Account No.","Debit","Credit",
"","","","","","Opening Balance","",""," Miscellaneous Expenses ","408014","","",
EE-2025-0000224,408014,Miscellaneous Expenses,Unassigned,19-03-2026,Cash paid for refreshments and garland for society grotto,,, Miscellaneous Expenses ,408014,430,,

"Balance : 430(Debit)","","","","","","","","","","430","0",

"Expenses  > Election Expenses ( 408023 ) ",
"Journal No","Other GL No.","Other Account","Subledger","Posted Date","Comments","Instrument No.","Instrument Bank","Account Name","GL Account No.","Debit","Credit",
"","","","","","Opening Balance","",""," Election Expenses ","408023","","",
EE-2025-0000025,408023,Election Expenses,Unassigned,29-07-2025,Being amt paid for conducting managing committee election - Manish Vasant,,, Election Expenses ,408023,7500,,

"Balance : 7500(Debit)","","","","","","","","","","7500","0",

