"Income - Members > Electricity Charges ( 301003 ) ",
"Journal No","Other GL No.","Other Account","Subledger","Posted Date","Comments","Instrument No.","Instrument Bank","Account Name","GL Account No.","Debit","Credit",
"","","","","","Opening Balance","",""," Electricity Charges ","301003","","",
ME-2025-0000001,301003,Electricity Charges, 01,01-04-2025,,,, Electricity Charges ,301003,,654,
ME-2025-0000011,301003,Electricity Charges, 02,01-04-2025,,,, Electricity Charges ,301003,,654,
ME-2025-0000021,301003,Electricity Charges, 03,01-04-2025,,,, Electricity Charges ,301003,,654,
ME-2025-0000029,301003,Electricity Charges, 04,01-04-2025,,,, Electricity Charges ,301003,,654,
ME-2025-0000037,301003,Electricity Charges, 05,01-04-2025,,,, Electricity Charges ,301003,,654,
ME-2025-0000046,301003,Electricity Charges, 06,01-04-2025,,,, Electricity Charges ,301003,,654,
ME-2025-0000054,301003,Electricity Charges, 07,01-04-2025,,,, Electricity Charges ,301003,,654,
ME-2025-0000065,301003,Electricity Charges, 08,01-04-2025,,,, Electricity Charges ,301003,,654,
ME-2025-0000074,301003,Electricity Charges, 09,01-04-2025,,,, Electricity Charges ,301003,,654,
ME-2025-0000084,301003,Electricity Charges, 10,01-04-2025,,,, Electricity Charges ,301003,,654,
ME-2025-0000094,301003,Electricity Charges, 11,01-04-2025,,,, Electricity Charges ,301003,,654,
ME-2025-0000103,301003,Electricity Charges, 12,01-04-2025,,,, Electricity Charges ,301003,,654,
ME-2025-0000112,301003,Electricity Charges, 13,01-04-2025,,,, Electricity Charges ,301003,,654,
ME-2025-0000120,301003,Electricity Charges, 14,01-04-2025,,,, Electricity Charges ,301003,,654,
ME-2025-0000129,301003,Electricity Charges, 15,01-04-2025,,,, Electricity Charges ,301003,,654,
ME-2025-0000138,301003,Electricity Charges, 16,01-04-2025,,,, Electricity Charges ,301003,,654,
ME-2025-0000148,301003,Electricity Charges, 17,01-04-2025,,,, Electricity Charges ,301003,,654,
ME-2025-0000159,301003,Electricity Charges, 18,01-04-2025,,,, Electricity Charges ,301003,,654,
ME-2025-0000185,301003,Electricity Charges, 01,01-07-2025,,,, Electricity Charges ,301003,,654,
ME-2025-0000195,301003,Electricity Charges, 02,01-07-2025,,,, Electricity Charges ,301003,,654,
ME-2025-0000205,301003,Electricity Charges, 03,01-07-2025,,,, Electricity Charges ,301003,,654,
ME-2025-0000213,301003,Electricity Charges, 04,01-07-2025,,,, Electricity Charges ,301003,,654,
ME-2025-0000221,301003,Electricity Charges, 05,01-07-2025,,,, Electricity Charges ,301003,,654,
ME-2025-0000230,301003,Electricity Charges, 06,01-07-2025,,,, Electricity Charges ,301003,,654,
ME-2025-0000239,301003,Electricity Charges, 07,01-07-2025,,,, Electricity Charges ,301003,,654,
ME-2025-0000251,301003,Electricity Charges, 08,01-07-2025,,,, Electricity Charges ,301003,,654,
ME-2025-0000260,301003,Electricity Charges, 09,01-07-2025,,,, Electricity Charges ,301003,,654,
ME-2025-0000270,301003,Electricity Charges, 10,01-07-2025,,,, Electricity Charges ,301003,,654,
ME-2025-0000281,301003,Electricity Charges, 11,01-07-2025,,,, Electricity Charges ,301003,,654,
ME-2025-0000291,301003,Electricity Charges, 12,01-07-2025,,,, Electricity Charges ,301003,,654,
ME-2025-0000309,301003,Electricity Charges, 16,01-07-2025,,,, Electricity Charges ,301003,,654,
ME-2025-0000319,301003,Electricity Charges, 17,01-07-2025,,,, Electricity Charges ,301003,,654,
ME-2025-0000330,301003,Electricity Charges, 18,01-07-2025,,,, Electricity Charges ,301003,,654,
ME-2025-0000395,301003,Electricity Charges, 13,01-07-2025,,,, Electricity Charges ,301003,,654,
ME-2025-0000405,301003,Electricity Charges, 14,01-07-2025,,,, Electricity Charges ,301003,,654,
ME-2025-0000417,301003,Electricity Charges, 15,01-07-2025,,,, Electricity Charges ,301003,,654,
ME-2025-0000447,301003,Electricity Charges, 01,01-10-2025,,,, Electricity Charges ,301003,,654,
ME-2025-0000457,301003,Electricity Charges, 02,01-10-2025,,,, Electricity Charges ,301003,,654,
ME-2025-0000467,301003,Electricity Charges, 03,01-10-2025,,,, Electricity Charges ,301003,,654,
ME-2025-0000475,301003,Electricity Charges, 04,01-10-2025,,,, Electricity Charges ,301003,,654,
ME-2025-0000483,301003,Electricity Charges, 05,01-10-2025,,,, Electricity Charges ,301003,,654,
ME-2025-0000492,301003,Electricity Charges, 06,01-10-2025,,,, Electricity Charges ,301003,,654,
ME-2025-0000500,301003,Electricity Charges, 07,01-10-2025,,,, Electricity Charges ,301003,,654,
ME-2025-0000511,301003,Electricity Charges, 08,01-10-2025,,,, Electricity Charges ,301003,,654,
ME-2025-0000520,301003,Electricity Charges, 09,01-10-2025,,,, Electricity Charges ,301003,,654,
ME-2025-0000531,301003,Electricity Charges, 10,01-10-2025,,,, Electricity Charges ,301003,,654,
ME-2025-0000541,301003,Electricity Charges, 11,01-10-2025,,,, Electricity Charges ,301003,,654,
ME-2025-0000550,301003,Electricity Charges, 12,01-10-2025,,,, Electricity Charges ,301003,,654,
ME-2025-0000582,301003,Electricity Charges, 15,01-10-2025,,,, Electricity Charges ,301003,,654,
ME-2025-0000591,301003,Electricity Charges, 16,01-10-2025,,,, Electricity Charges ,301003,,654,
ME-2025-0000602,301003,Electricity Charges, 17,01-10-2025,,,, Electricity Charges ,301003,,654,
ME-2025-0000613,301003,Electricity Charges, 18,01-10-2025,,,, Electricity Charges ,301003,,654,
ME-2025-0000644,301003,Electricity Charges, 13,01-10-2025,,,, Electricity Charges ,301003,,654,
ME-2025-0000655,301003,Electricity Charges, 14,01-10-2025,,,, Electricity Charges ,301003,,654,
ME-2025-0000679,301003,Electricity Charges, 01,01-01-2026,,,, Electricity Charges ,301003,,654,
ME-2025-0000689,301003,Electricity Charges, 02,01-01-2026,,,, Electricity Charges ,301003,,654,
ME-2025-0000699,301003,Electricity Charges, 03,01-01-2026,,,, Electricity Charges ,301003,,654,
ME-2025-0000708,301003,Electricity Charges, 04,01-01-2026,,,, Electricity Charges ,301003,,654,
ME-2025-0000716,301003,Electricity Charges, 05,01-01-2026,,,, Electricity Charges ,301003,,654,
ME-2025-0000725,301003,Electricity Charges, 06,01-01-2026,,,, Electricity Charges ,301003,,654,
ME-2025-0000733,301003,Electricity Charges, 07,01-01-2026,,,, Electricity Charges ,301003,,654,
ME-2025-0000744,301003,Electricity Charges, 08,01-01-2026,,,, Electricity Charges ,301003,,654,
ME-2025-0000753,301003,Electricity Charges, 09,01-01-2026,,,, Electricity Charges ,301003,,654,
ME-2025-0000764,301003,Electricity Charges, 10,01-01-2026,,,, Electricity Charges ,301003,,654,
ME-2025-0000774,301003,Electricity Charges, 11,01-01-2026,,,, Electricity Charges ,301003,,654,
ME-2025-0000783,301003,Electricity Charges, 12,01-01-2026,,,, Electricity Charges ,301003,,654,
ME-2025-0000792,301003,Electricity Charges, 13,01-01-2026,,,, Electricity Charges ,301003,,654,
ME-2025-0000802,301003,Electricity Charges, 14,01-01-2026,,,, Electricity Charges ,301003,,654,
ME-2025-0000813,301003,Electricity Charges, 15,01-01-2026,,,, Electricity Charges ,301003,,654,
ME-2025-0000822,301003,Electricity Charges, 16,01-01-2026,,,, Electricity Charges ,301003,,654,
ME-2025-0000832,301003,Electricity Charges, 17,01-01-2026,,,, Electricity Charges ,301003,,654,
ME-2025-0000843,301003,Electricity Charges, 18,01-01-2026,,,, Electricity Charges ,301003,,654,

"Balance : 47088(Credit)","","","","","","","","","","0","47088",

"Income - Members > Water Charges ( 301004 ) ",
"Journal No","Other GL No.","Other Account","Subledger","Posted Date","Comments","Instrument No.","Instrument Bank","Account Name","GL Account No.","Debit","Credit",
"","","","","","Opening Balance","",""," Water Charges ","301004","","",
ME-2025-0000008,301004,Water Charges, 01,01-04-2025,,,, Water Charges ,301004,,580,
ME-2025-0000018,301004,Water Charges, 02,01-04-2025,,,, Water Charges ,301004,,580,
ME-2025-0000028,301004,Water Charges, 03,01-04-2025,,,, Water Charges ,301004,,580,
ME-2025-0000036,301004,Water Charges, 04,01-04-2025,,,, Water Charges ,301004,,580,
ME-2025-0000044,301004,Water Charges, 05,01-04-2025,,,, Water Charges ,301004,,580,
ME-2025-0000053,301004,Water Charges, 06,01-04-2025,,,, Water Charges ,301004,,580,
ME-2025-0000062,301004,Water Charges, 07,01-04-2025,,,, Water Charges ,301004,,580,
ME-2025-0000073,301004,Water Charges, 08,01-04-2025,,,, Water Charges ,301004,,580,
ME-2025-0000081,301004,Water Charges, 09,01-04-2025,,,, Water Charges ,301004,,580,
ME-2025-0000091,301004,Water Charges, 10,01-04-2025,,,, Water Charges ,301004,,580,
ME-2025-0000102,301004,Water Charges, 11,01-04-2025,,,, Water Charges ,301004,,580,
ME-2025-0000111,301004,Water Charges, 12,01-04-2025,,,, Water Charges ,301004,,580,
ME-2025-0000119,301004,Water Charges, 13,01-04-2025,,,, Water Charges ,301004,,580,
ME-2025-0000127,301004,Water Charges, 14,01-04-2025,,,, Water Charges ,301004,,580,
ME-2025-0000137,301004,Water Charges, 15,01-04-2025,,,, Water Charges ,301004,,580,
ME-2025-0000146,301004,Water Charges, 16,01-04-2025,,,, Water Charges ,301004,,580,
ME-2025-0000155,301004,Water Charges, 17,01-04-2025,,,, Water Charges ,301004,,580,
ME-2025-0000166,301004,Water Charges, 18,01-04-2025,,,, Water Charges ,301004,,580,
ME-2025-0000192,301004,Water Charges, 01,01-07-2025,,,, Water Charges ,301004,,580,
ME-2025-0000202,301004,Water Charges, 02,01-07-2025,,,, Water Charges ,301004,,580,
ME-2025-0000212,301004,Water Charges, 03,01-07-2025,,,, Water Charges ,301004,,580,
ME-2025-0000220,301004,Water Charges, 04,01-07-2025,,,, Water Charges ,301004,,580,
ME-2025-0000228,301004,Water Charges, 05,01-07-2025,,,, Water Charges ,301004,,580,
ME-2025-0000237,301004,Water Charges, 06,01-07-2025,,,, Water Charges ,301004,,580,
ME-2025-0000247,301004,Water Charges, 07,01-07-2025,,,, Water Charges ,301004,,580,
ME-2025-0000259,301004,Water Charges, 08,01-07-2025,,,, Water Charges ,301004,,580,
ME-2025-0000267,301004,Water Charges, 09,01-07-2025,,,, Water Charges ,301004,,580,
ME-2025-0000277,301004,Water Charges, 10,01-07-2025,,,, Water Charges ,301004,,580,
ME-2025-0000289,301004,Water Charges, 11,01-07-2025,,,, Water Charges ,301004,,580,
ME-2025-0000299,301004,Water Charges, 12,01-07-2025,,,, Water Charges ,301004,,580,
ME-2025-0000317,301004,Water Charges, 16,01-07-2025,,,, Water Charges ,301004,,580,
ME-2025-0000326,301004,Water Charges, 17,01-07-2025,,,, Water Charges ,301004,,580,
ME-2025-0000337,301004,Water Charges, 18,01-07-2025,,,, Water Charges ,301004,,580,
ME-2025-0000402,301004,Water Charges, 13,01-07-2025,,,, Water Charges ,301004,,580,
ME-2025-0000412,301004,Water Charges, 14,01-07-2025,,,, Water Charges ,301004,,580,
ME-2025-0000425,301004,Water Charges, 15,01-07-2025,,,, Water Charges ,301004,,580,
ME-2025-0000454,301004,Water Charges, 01,01-10-2025,,,, Water Charges ,301004,,580,
ME-2025-0000464,301004,Water Charges, 02,01-10-2025,,,, Water Charges ,301004,,580,
ME-2025-0000474,301004,Water Charges, 03,01-10-2025,,,, Water Charges ,301004,,580,
ME-2025-0000482,301004,Water Charges, 04,01-10-2025,,,, Water Charges ,301004,,580,
ME-2025-0000490,301004,Water Charges, 05,01-10-2025,,,, Water Charges ,301004,,580,
ME-2025-0000499,301004,Water Charges, 06,01-10-2025,,,, Water Charges ,301004,,580,
ME-2025-0000508,301004,Water Charges, 07,01-10-2025,,,, Water Charges ,301004,,580,
ME-2025-0000519,301004,Water Charges, 08,01-10-2025,,,, Water Charges ,301004,,580,
ME-2025-0000527,301004,Water Charges, 09,01-10-2025,,,, Water Charges ,301004,,580,
ME-2025-0000538,301004,Water Charges, 10,01-10-2025,,,, Water Charges ,301004,,580,
ME-2025-0000549,301004,Water Charges, 11,01-10-2025,,,, Water Charges ,301004,,580,
ME-2025-0000558,301004,Water Charges, 12,01-10-2025,,,, Water Charges ,301004,,580,
ME-2025-0000590,301004,Water Charges, 15,01-10-2025,,,, Water Charges ,301004,,580,
ME-2025-0000599,301004,Water Charges, 16,01-10-2025,,,, Water Charges ,301004,,580,
ME-2025-0000609,301004,Water Charges, 17,01-10-2025,,,, Water Charges ,301004,,580,
ME-2025-0000620,301004,Water Charges, 18,01-10-2025,,,, Water Charges ,301004,,580,
ME-2025-0000651,301004,Water Charges, 13,01-10-2025,,,, Water Charges ,301004,,580,
ME-2025-0000662,301004,Water Charges, 14,01-10-2025,,,, Water Charges ,301004,,580,
ME-2025-0000686,301004,Water Charges, 01,01-01-2026,,,, Water Charges ,301004,,580,
ME-2025-0000696,301004,Water Charges, 02,01-01-2026,,,, Water Charges ,301004,,580,
ME-2025-0000706,301004,Water Charges, 03,01-01-2026,,,, Water Charges ,301004,,580,
ME-2025-0000715,301004,Water Charges, 04,01-01-2026,,,, Water Charges ,301004,,580,
ME-2025-0000723,301004,Water Charges, 05,01-01-2026,,,, Water Charges ,301004,,580,
ME-2025-0000732,301004,Water Charges, 06,01-01-2026,,,, Water Charges ,301004,,580,
ME-2025-0000741,301004,Water Charges, 07,01-01-2026,,,, Water Charges ,301004,,580,
ME-2025-0000752,301004,Water Charges, 08,01-01-2026,,,, Water Charges ,301004,,580,
ME-2025-0000760,301004,Water Charges, 09,01-01-2026,,,, Water Charges ,301004,,580,
ME-2025-0000771,301004,Water Charges, 10,01-01-2026,,,, Water Charges ,301004,,580,
ME-2025-0000782,301004,Water Charges, 11,01-01-2026,,,, Water Charges ,301004,,580,
ME-2025-0000791,301004,Water Charges, 12,01-01-2026,,,, Water Charges ,301004,,580,
ME-2025-0000799,301004,Water Charges, 13,01-01-2026,,,, Water Charges ,301004,,580,
ME-2025-0000809,301004,Water Charges, 14,01-01-2026,,,, Water Charges ,301004,,580,
ME-2025-0000821,301004,Water Charges, 15,01-01-2026,,,, Water Charges ,301004,,580,
ME-2025-0000830,301004,Water Charges, 16,01-01-2026,,,, Water Charges ,301004,,580,
ME-2025-0000839,301004,Water Charges, 17,01-01-2026,,,, Water Charges ,301004,,580,
ME-2025-0000850,301004,Water Charges, 18,01-01-2026,,,, Water Charges ,301004,,580,

"Balance : 41760(Credit)","","","","","","","","","","0","41760",

"Income - Members > Service Charges ( 301006 ) ",
"Journal No","Other GL No.","Other Account","Subledger","Posted Date","Comments","Instrument No.","Instrument Bank","Account Name","GL Account No.","Debit","Credit",
"","","","","","Opening Balance","",""," Service Charges ","301006","","",
ME-2025-0000006,301006,Service Charges, 01,01-04-2025,,,, Service Charges ,301006,,1212,
ME-2025-0000016,301006,Service Charges, 02,01-04-2025,,,, Service Charges ,301006,,1212,
ME-2025-0000026,301006,Service Charges, 03,01-04-2025,,,, Service Charges ,301006,,1212,
ME-2025-0000034,301006,Service Charges, 04,01-04-2025,,,, Service Charges ,301006,,1212,
ME-2025-0000042,301006,Service Charges, 05,01-04-2025,,,, Service Charges ,301006,,1212,
ME-2025-0000051,301006,Service Charges, 06,01-04-2025,,,, Service Charges ,301006,,1212,
ME-2025-0000060,301006,Service Charges, 07,01-04-2025,,,, Service Charges ,301006,,1212,
ME-2025-0000071,301006,Service Charges, 08,01-04-2025,,,, Service Charges ,301006,,1212,
ME-2025-0000079,301006,Service Charges, 09,01-04-2025,,,, Service Charges ,301006,,1212,
ME-2025-0000089,301006,Service Charges, 10,01-04-2025,,,, Service Charges ,301006,,1212,
ME-2025-0000100,301006,Service Charges, 11,01-04-2025,,,, Service Charges ,301006,,1212,
ME-2025-0000109,301006,Service Charges, 12,01-04-2025,,,, Service Charges ,301006,,1212,
ME-2025-0000117,301006,Service Charges, 13,01-04-2025,,,, Service Charges ,301006,,1212,
ME-2025-0000125,301006,Service Charges, 14,01-04-2025,,,, Service Charges ,301006,,1212,
ME-2025-0000135,301006,Service Charges, 15,01-04-2025,,,, Service Charges ,301006,,1212,
ME-2025-0000144,301006,Service Charges, 16,01-04-2025,,,, Service Charges ,301006,,1212,
ME-2025-0000153,301006,Service Charges, 17,01-04-2025,,,, Service Charges ,301006,,1212,
ME-2025-0000164,301006,Service Charges, 18,01-04-2025,,,, Service Charges ,301006,,1212,
ME-2025-0000190,301006,Service Charges, 01,01-07-2025,,,, Service Charges ,301006,,1212,
ME-2025-0000200,301006,Service Charges, 02,01-07-2025,,,, Service Charges ,301006,,1212,
ME-2025-0000210,301006,Service Charges, 03,01-07-2025,,,, Service Charges ,301006,,1212,
ME-2025-0000218,301006,Service Charges, 04,01-07-2025,,,, Service Charges ,301006,,1212,
ME-2025-0000226,301006,Service Charges, 05,01-07-2025,,,, Service Charges ,301006,,1212,
ME-2025-0000235,301006,Service Charges, 06,01-07-2025,,,, Service Charges ,301006,,1212,
ME-2025-0000245,301006,Service Charges, 07,01-07-2025,,,, Service Charges ,301006,,1212,
ME-2025-0000257,301006,Service Charges, 08,01-07-2025,,,, Service Charges ,301006,,1212,
ME-2025-0000265,301006,Service Charges, 09,01-07-2025,,,, Service Charges ,301006,,1212,
ME-2025-0000275,301006,Service Charges, 10,01-07-2025,,,, Service Charges ,301006,,1212,
ME-2025-0000287,301006,Service Charges, 11,01-07-2025,,,, Service Charges ,301006,,1212,
ME-2025-0000297,301006,Service Charges, 12,01-07-2025,,,, Service Charges ,301006,,1212,
ME-2025-0000315,301006,Service Charges, 16,01-07-2025,,,, Service Charges ,301006,,1212,
ME-2025-0000324,301006,Service Charges, 17,01-07-2025,,,, Service Charges ,301006,,1212,
ME-2025-0000335,301006,Service Charges, 18,01-07-2025,,,, Service Charges ,301006,,1212,
ME-2025-0000400,301006,Service Charges, 13,01-07-2025,,,, Service Charges ,301006,,1212,
ME-2025-0000410,301006,Service Charges, 14,01-07-2025,,,, Service Charges ,301006,,1212,
ME-2025-0000423,301006,Service Charges, 15,01-07-2025,,,, Service Charges ,301006,,1212,
ME-2025-0000452,301006,Service Charges, 01,01-10-2025,,,, Service Charges ,301006,,1212,
ME-2025-0000462,301006,Service Charges, 02,01-10-2025,,,, Service Charges ,301006,,1212,
ME-2025-0000472,301006,Service Charges, 03,01-10-2025,,,, Service Charges ,301006,,1212,
ME-2025-0000480,301006,Service Charges, 04,01-10-2025,,,, Service Charges ,301006,,1212,
ME-2025-0000488,301006,Service Charges, 05,01-10-2025,,,, Service Charges ,301006,,1212,
ME-2025-0000497,301006,Service Charges, 06,01-10-2025,,,, Service Charges ,301006,,1212,
ME-2025-0000506,301006,Service Charges, 07,01-10-2025,,,, Service Charges ,301006,,1212,
ME-2025-0000517,301006,Service Charges, 08,01-10-2025,,,, Service Charges ,301006,,1212,
ME-2025-0000525,301006,Service Charges, 09,01-10-2025,,,, Service Charges ,301006,,1212,
ME-2025-0000536,301006,Service Charges, 10,01-10-2025,,,, Service Charges ,301006,,1212,
ME-2025-0000547,301006,Service Charges, 11,01-10-2025,,,, Service Charges ,301006,,1212,
ME-2025-0000556,301006,Service Charges, 12,01-10-2025,,,, Service Charges ,301006,,1212,
ME-2025-0000588,301006,Service Charges, 15,01-10-2025,,,, Service Charges ,301006,,1212,
ME-2025-0000597,301006,Service Charges, 16,01-10-2025,,,, Service Charges ,301006,,1212,
ME-2025-0000607,301006,Service Charges, 17,01-10-2025,,,, Service Charges ,301006,,1212,
ME-2025-0000618,301006,Service Charges, 18,01-10-2025,,,, Service Charges ,301006,,1212,
ME-2025-0000649,301006,Service Charges, 13,01-10-2025,,,, Service Charges ,301006,,1212,
ME-2025-0000660,301006,Service Charges, 14,01-10-2025,,,, Service Charges ,301006,,1212,
ME-2025-0000684,301006,Service Charges, 01,01-01-2026,,,, Service Charges ,301006,,1212,
ME-2025-0000694,301006,Service Charges, 02,01-01-2026,,,, Service Charges ,301006,,1212,
ME-2025-0000704,301006,Service Charges, 03,01-01-2026,,,, Service Charges ,301006,,1212,
ME-2025-0000713,301006,Service Charges, 04,01-01-2026,,,, Service Charges ,301006,,1212,
ME-2025-0000721,301006,Service Charges, 05,01-01-2026,,,, Service Charges ,301006,,1212,
ME-2025-0000730,301006,Service Charges, 06,01-01-2026,,,, Service Charges ,301006,,1212,
ME-2025-0000739,301006,Service Charges, 07,01-01-2026,,,, Service Charges ,301006,,1212,
ME-2025-0000750,301006,Service Charges, 08,01-01-2026,,,, Service Charges ,301006,,1212,
ME-2025-0000758,301006,Service Charges, 09,01-01-2026,,,, Service Charges ,301006,,1212,
ME-2025-0000769,301006,Service Charges, 10,01-01-2026,,,, Service Charges ,301006,,1212,
ME-2025-0000780,301006,Service Charges, 11,01-01-2026,,,, Service Charges ,301006,,1212,
ME-2025-0000789,301006,Service Charges, 12,01-01-2026,,,, Service Charges ,301006,,1212,
ME-2025-0000797,301006,Service Charges, 13,01-01-2026,,,, Service Charges ,301006,,1212,
ME-2025-0000807,301006,Service Charges, 14,01-01-2026,,,, Service Charges ,301006,,1212,
ME-2025-0000819,301006,Service Charges, 15,01-01-2026,,,, Service Charges ,301006,,1212,
ME-2025-0000828,301006,Service Charges, 16,01-01-2026,,,, Service Charges ,301006,,1212,
ME-2025-0000837,301006,Service Charges, 17,01-01-2026,,,, Service Charges ,301006,,1212,
ME-2025-0000848,301006,Service Charges, 18,01-01-2026,,,, Service Charges ,301006,,1212,

"Balance : 87264(Credit)","","","","","","","","","","0","87264",

"Income - Members > Non Occupancy Charges ( 301007 ) ",
"Journal No","Other GL No.","Other Account","Subledger","Posted Date","Comments","Instrument No.","Instrument Bank","Account Name","GL Account No.","Debit","Credit",
"","","","","","Opening Balance","",""," Non Occupancy Charges ","301007","","",
ME-2025-0000092,301007,Non Occupancy Charges, 10,01-04-2025,,,, Non Occupancy Charges ,301007,,245,
ME-2025-0000156,301007,Non Occupancy Charges, 17,01-04-2025,,,, Non Occupancy Charges ,301007,,245,
ME-2025-0000278,301007,Non Occupancy Charges, 10,01-07-2025,,,, Non Occupancy Charges ,301007,,245,
ME-2025-0000327,301007,Non Occupancy Charges, 17,01-07-2025,,,, Non Occupancy Charges ,301007,,245,
ME-2025-0000413,301007,Non Occupancy Charges, 14,01-07-2025,,,, Non Occupancy Charges ,301007,,245,
ME-2025-0000539,301007,Non Occupancy Charges, 10,01-10-2025,,,, Non Occupancy Charges ,301007,,245,
ME-2025-0000610,301007,Non Occupancy Charges, 17,01-10-2025,,,, Non Occupancy Charges ,301007,,245,
ME-2025-0000663,301007,Non Occupancy Charges, 14,01-10-2025,,,, Non Occupancy Charges ,301007,,245,
ME-2025-0000772,301007,Non Occupancy Charges, 10,01-01-2026,,,, Non Occupancy Charges ,301007,,245,
ME-2025-0000810,301007,Non Occupancy Charges, 14,01-01-2026,,,, Non Occupancy Charges ,301007,,245,
ME-2025-0000840,301007,Non Occupancy Charges, 17,01-01-2026,,,, Non Occupancy Charges ,301007,,245,

"Balance : 2695(Credit)","","","","","","","","","","0","2695",

"Income - Members > 2W Parking Chgs ( 301009 ) ",
"Journal No","Other GL No.","Other Account","Subledger","Posted Date","Comments","Instrument No.","Instrument Bank","Account Name","GL Account No.","Debit","Credit",
"","","","","","Opening Balance","",""," 2W Parking Chgs ","301009","","",
ME-2025-0000009,301009,2W Parking Chgs, 02,01-04-2025,,,, 2W Parking Chgs ,301009,,150,
ME-2025-0000019,301009,2W Parking Chgs, 03,01-04-2025,,,, 2W Parking Chgs ,301009,,150,
ME-2025-0000063,301009,2W Parking Chgs, 08,01-04-2025,,,, 2W Parking Chgs ,301009,,150,
ME-2025-0000082,301009,2W Parking Chgs, 10,01-04-2025,,,, 2W Parking Chgs ,301009,,300,
ME-2025-0000147,301009,2W Parking Chgs, 17,01-04-2025,,,, 2W Parking Chgs ,301009,,300,
ME-2025-0000158,301009,2W Parking Chgs, 18,01-04-2025,,,, 2W Parking Chgs ,301009,,150,
ME-2025-0000193,301009,2W Parking Chgs, 02,01-07-2025,,,, 2W Parking Chgs ,301009,,150,
ME-2025-0000203,301009,2W Parking Chgs, 03,01-07-2025,,,, 2W Parking Chgs ,301009,,150,
ME-2025-0000248,301009,2W Parking Chgs, 08,01-07-2025,,,, 2W Parking Chgs ,301009,,150,
ME-2025-0000268,301009,2W Parking Chgs, 10,01-07-2025,,,, 2W Parking Chgs ,301009,,300,
ME-2025-0000318,301009,2W Parking Chgs, 17,01-07-2025,,,, 2W Parking Chgs ,301009,,300,
ME-2025-0000329,301009,2W Parking Chgs, 18,01-07-2025,,,, 2W Parking Chgs ,301009,,150,
ME-2025-0000455,301009,2W Parking Chgs, 02,01-10-2025,,,, 2W Parking Chgs ,301009,,150,
ME-2025-0000465,301009,2W Parking Chgs, 03,01-10-2025,,,, 2W Parking Chgs ,301009,,150,
ME-2025-0000509,301009,2W Parking Chgs, 08,01-10-2025,,,, 2W Parking Chgs ,301009,,150,
ME-2025-0000529,301009,2W Parking Chgs, 10,01-10-2025,,,, 2W Parking Chgs ,301009,,300,
ME-2025-0000600,301009,2W Parking Chgs, 17,01-10-2025,,,, 2W Parking Chgs ,301009,,600,
ME-2025-0000612,301009,2W Parking Chgs, 18,01-10-2025,,,, 2W Parking Chgs ,301009,,150,
ME-2025-0000652,301009,2W Parking Chgs, 14,01-10-2025,,,, 2W Parking Chgs ,301009,,300,
ME-2025-0000687,301009,2W Parking Chgs, 02,01-01-2026,,,, 2W Parking Chgs ,301009,,150,
ME-2025-0000697,301009,2W Parking Chgs, 03,01-01-2026,,,, 2W Parking Chgs ,301009,,150,
ME-2025-0000742,301009,2W Parking Chgs, 08,01-01-2026,,,, 2W Parking Chgs ,301009,,150,
ME-2025-0000762,301009,2W Parking Chgs, 10,01-01-2026,,,, 2W Parking Chgs ,301009,,300,
ME-2025-0000801,301009,2W Parking Chgs, 14,01-01-2026,,,, 2W Parking Chgs ,301009,,300,
ME-2025-0000831,301009,2W Parking Chgs, 17,01-01-2026,,,, 2W Parking Chgs ,301009,,600,
ME-2025-0000842,301009,2W Parking Chgs, 18,01-01-2026,,,, 2W Parking Chgs ,301009,,150,

"Balance : 6000(Credit)","","","","","","","","","","0","6000",

"Income - Members > Late Payment Interest ( 301012 ) ",
"Journal No","Other GL No.","Other Account","Subledger","Posted Date","Comments","Instrument No.","Instrument Bank","Account Name","GL Account No.","Debit","Credit",
"","","","","","Opening Balance","",""," Late Payment Interest ","301012","","",
ME-2025-0000093,301012,Late Payment Interest, 10,01-04-2025,,,, Late Payment Interest ,301012,,6,
ME-2025-0000157,301012,Late Payment Interest, 17,01-04-2025,,,, Late Payment Interest ,301012,,548,
ME-2025-0000279,301012,Late Payment Interest, 10,01-07-2025,,,, Late Payment Interest ,301012,,251,
ME-2025-0000328,301012,Late Payment Interest, 17,01-07-2025,,,, Late Payment Interest ,301012,,837,
ME-2025-0000403,301012,Late Payment Interest, 13,01-07-2025,Charged on Building Repair & Painting from July 2024 to June 2025,,, Late Payment Interest ,301012,,2264,
ME-2025-0000414,301012,Late Payment Interest, 14,01-07-2025,Charged on Building Repair & Painting from July 2024 to June 2025,,, Late Payment Interest ,301012,,2726,
ME-2025-0000426,301012,Late Payment Interest, 15,01-07-2025,,,, Late Payment Interest ,301012,,46,
ME-2025-0000528,301012,Late Payment Interest, 09,01-10-2025,,,, Late Payment Interest ,301012,,220,
ME-2025-0000540,301012,Late Payment Interest, 10,01-10-2025,,,, Late Payment Interest ,301012,,46,
ME-2025-0000611,301012,Late Payment Interest, 17,01-10-2025,,,, Late Payment Interest ,301012,,1149,
ME-2025-0000707,301012,Late Payment Interest, 03,01-01-2026,,,, Late Payment Interest ,301012,,240,
ME-2025-0000761,301012,Late Payment Interest, 09,01-01-2026,,,, Late Payment Interest ,301012,,39,
ME-2025-0000773,301012,Late Payment Interest, 10,01-01-2026,,,, Late Payment Interest ,301012,,255,
ME-2025-0000800,301012,Late Payment Interest, 13,01-01-2026,,,, Late Payment Interest ,301012,,39,
ME-2025-0000811,301012,Late Payment Interest, 14,01-01-2026,,,, Late Payment Interest ,301012,,41,
ME-2025-0000841,301012,Late Payment Interest, 17,01-01-2026,,,, Late Payment Interest ,301012,,1477,
JE-2025-0000003,301012,Late Payment Interest,,01-07-2025,For Interest & Building Repairs & Painting charged erroneously Late Payment Interest Credit Note,,, Late Payment Interest ,301012,2264.00,,
JE-2025-0000005,301012,Late Payment Interest,,01-07-2025,For Interest and Building Repairs & Painting charged erroneously Late Payment Interest Credit Note,,, Late Payment Interest ,301012,2726.00,,
JE-2025-0000021,301012,Late Payment Interest,,01-01-2026,Interest not to be charged as per society Late Payment Interest Credit Note,,, Late Payment Interest ,301012,39.00,,
JE-2025-0000022,301012,Late Payment Interest,,01-01-2026,Interest not to be charged as per society Late Payment Interest Credit Note,,, Late Payment Interest ,301012,41.00,,

"Balance : 5114(Credit)","","","","","","","","","","5070","10184",

"Income - Members > Insurance  ( 301021 ) ",
"Journal No","Other GL No.","Other Account","Subledger","Posted Date","Comments","Instrument No.","Instrument Bank","Account Name","GL Account No.","Debit","Credit",
"","","","","","Opening Balance","",""," Insurance  ","301021","","",
ME-2025-0000002,301021,Insurance , 01,01-04-2025,,,, Insurance  ,301021,,150,
ME-2025-0000012,301021,Insurance , 02,01-04-2025,,,, Insurance  ,301021,,150,
ME-2025-0000022,301021,Insurance , 03,01-04-2025,,,, Insurance  ,301021,,150,
ME-2025-0000030,301021,Insurance , 04,01-04-2025,,,, Insurance  ,301021,,150,
ME-2025-0000038,301021,Insurance , 05,01-04-2025,,,, Insurance  ,301021,,150,
ME-2025-0000047,301021,Insurance , 06,01-04-2025,,,, Insurance  ,301021,,150,
ME-2025-0000055,301021,Insurance , 07,01-04-2025,,,, Insurance  ,301021,,150,
ME-2025-0000066,301021,Insurance , 08,01-04-2025,,,, Insurance  ,301021,,150,
ME-2025-0000075,301021,Insurance , 09,01-04-2025,,,, Insurance  ,301021,,150,
ME-2025-0000085,301021,Insurance , 10,01-04-2025,,,, Insurance  ,301021,,150,
ME-2025-0000095,301021,Insurance , 11,01-04-2025,,,, Insurance  ,301021,,150,
ME-2025-0000104,301021,Insurance , 12,01-04-2025,,,, Insurance  ,301021,,150,
ME-2025-0000113,301021,Insurance , 13,01-04-2025,,,, Insurance  ,301021,,150,
ME-2025-0000121,301021,Insurance , 14,01-04-2025,,,, Insurance  ,301021,,150,
ME-2025-0000130,301021,Insurance , 15,01-04-2025,,,, Insurance  ,301021,,150,
ME-2025-0000139,301021,Insurance , 16,01-04-2025,,,, Insurance  ,301021,,150,
ME-2025-0000149,301021,Insurance , 17,01-04-2025,,,, Insurance  ,301021,,150,
ME-2025-0000160,301021,Insurance , 18,01-04-2025,,,, Insurance  ,301021,,150,
ME-2025-0000186,301021,Insurance , 01,01-07-2025,,,, Insurance  ,301021,,150,
ME-2025-0000196,301021,Insurance , 02,01-07-2025,,,, Insurance  ,301021,,150,
ME-2025-0000206,301021,Insurance , 03,01-07-2025,,,, Insurance  ,301021,,150,
ME-2025-0000214,301021,Insurance , 04,01-07-2025,,,, Insurance  ,301021,,150,
ME-2025-0000222,301021,Insurance , 05,01-07-2025,,,, Insurance  ,301021,,150,
ME-2025-0000231,301021,Insurance , 06,01-07-2025,,,, Insurance  ,301021,,150,
ME-2025-0000240,301021,Insurance , 07,01-07-2025,,,, Insurance  ,301021,,150,
ME-2025-0000252,301021,Insurance , 08,01-07-2025,,,, Insurance  ,301021,,150,
ME-2025-0000261,301021,Insurance , 09,01-07-2025,,,, Insurance  ,301021,,150,
ME-2025-0000271,301021,Insurance , 10,01-07-2025,,,, Insurance  ,301021,,150,
ME-2025-0000282,301021,Insurance , 11,01-07-2025,,,, Insurance  ,301021,,150,
ME-2025-0000292,301021,Insurance , 12,01-07-2025,,,, Insurance  ,301021,,150,
ME-2025-0000310,301021,Insurance , 16,01-07-2025,,,, Insurance  ,301021,,150,
ME-2025-0000320,301021,Insurance , 17,01-07-2025,,,, Insurance  ,301021,,150,
ME-2025-0000331,301021,Insurance , 18,01-07-2025,,,, Insurance  ,301021,,150,
ME-2025-0000396,301021,Insurance , 13,01-07-2025,,,, Insurance  ,301021,,150,
ME-2025-0000406,301021,Insurance , 14,01-07-2025,,,, Insurance  ,301021,,150,
ME-2025-0000418,301021,Insurance , 15,01-07-2025,,,, Insurance  ,301021,,150,
ME-2025-0000448,301021,Insurance , 01,01-10-2025,,,, Insurance  ,301021,,150,
ME-2025-0000458,301021,Insurance , 02,01-10-2025,,,, Insurance  ,301021,,150,
ME-2025-0000468,301021,Insurance , 03,01-10-2025,,,, Insurance  ,301021,,150,
ME-2025-0000476,301021,Insurance , 04,01-10-2025,,,, Insurance  ,301021,,150,
ME-2025-0000484,301021,Insurance , 05,01-10-2025,,,, Insurance  ,301021,,150,
ME-2025-0000493,301021,Insurance , 06,01-10-2025,,,, Insurance  ,301021,,150,
ME-2025-0000501,301021,Insurance , 07,01-10-2025,,,, Insurance  ,301021,,150,
ME-2025-0000512,301021,Insurance , 08,01-10-2025,,,, Insurance  ,301021,,150,
ME-2025-0000521,301021,Insurance , 09,01-10-2025,,,, Insurance  ,301021,,150,
ME-2025-0000532,301021,Insurance , 10,01-10-2025,,,, Insurance  ,301021,,150,
ME-2025-0000542,301021,Insurance , 11,01-10-2025,,,, Insurance  ,301021,,150,
ME-2025-0000551,301021,Insurance , 12,01-10-2025,,,, Insurance  ,301021,,150,
ME-2025-0000583,301021,Insurance , 15,01-10-2025,,,, Insurance  ,301021,,150,
ME-2025-0000592,301021,Insurance , 16,01-10-2025,,,, Insurance  ,301021,,150,
ME-2025-0000603,301021,Insurance , 17,01-10-2025,,,, Insurance  ,301021,,150,
ME-2025-0000614,301021,Insurance , 18,01-10-2025,,,, Insurance  ,301021,,150,
ME-2025-0000645,301021,Insurance , 13,01-10-2025,,,, Insurance  ,301021,,150,
ME-2025-0000656,301021,Insurance , 14,01-10-2025,,,, Insurance  ,301021,,150,
ME-2025-0000680,301021,Insurance , 01,01-01-2026,,,, Insurance  ,301021,,150,
ME-2025-0000690,301021,Insurance , 02,01-01-2026,,,, Insurance  ,301021,,150,
ME-2025-0000700,301021,Insurance , 03,01-01-2026,,,, Insurance  ,301021,,150,
ME-2025-0000709,301021,Insurance , 04,01-01-2026,,,, Insurance  ,301021,,150,
ME-2025-0000717,301021,Insurance , 05,01-01-2026,,,, Insurance  ,301021,,150,
ME-2025-0000726,301021,Insurance , 06,01-01-2026,,,, Insurance  ,301021,,150,
ME-2025-0000734,301021,Insurance , 07,01-01-2026,,,, Insurance  ,301021,,150,
ME-2025-0000745,301021,Insurance , 08,01-01-2026,,,, Insurance  ,301021,,150,
ME-2025-0000754,301021,Insurance , 09,01-01-2026,,,, Insurance  ,301021,,150,
ME-2025-0000765,301021,Insurance , 10,01-01-2026,,,, Insurance  ,301021,,150,
ME-2025-0000775,301021,Insurance , 11,01-01-2026,,,, Insurance  ,301021,,150,
ME-2025-0000784,301021,Insurance , 12,01-01-2026,,,, Insurance  ,301021,,150,
ME-2025-0000793,301021,Insurance , 13,01-01-2026,,,, Insurance  ,301021,,150,
ME-2025-0000803,301021,Insurance , 14,01-01-2026,,,, Insurance  ,301021,,150,
ME-2025-0000814,301021,Insurance , 15,01-01-2026,,,, Insurance  ,301021,,150,
ME-2025-0000823,301021,Insurance , 16,01-01-2026,,,, Insurance  ,301021,,150,
ME-2025-0000833,301021,Insurance , 17,01-01-2026,,,, Insurance  ,301021,,150,
ME-2025-0000844,301021,Insurance , 18,01-01-2026,,,, Insurance  ,301021,,150,

"Balance : 10800(Credit)","","","","","","","","","","0","10800",

"Income - Members > Arrears Non Occupancy Charges ( 301033 ) ",
"Journal No","Other GL No.","Other Account","Subledger","Posted Date","Comments","Instrument No.","Instrument Bank","Account Name","GL Account No.","Debit","Credit",
"","","","","","Opening Balance","",""," Arrears Non Occupancy Charges ","301033","","",
ME-2025-0000653,301033,Arrears Non Occupancy Charges, 14,01-10-2025,For May & Jun 2025,,, Arrears Non Occupancy Charges ,301033,,163,

"Balance : 163(Credit)","","","","","","","","","","0","163",

"Income - Members > 4W Parking Chgs ( 301036 ) ",
"Journal No","Other GL No.","Other Account","Subledger","Posted Date","Comments","Instrument No.","Instrument Bank","Account Name","GL Account No.","Debit","Credit",
"","","","","","Opening Balance","",""," 4W Parking Chgs ","301036","","",
ME-2025-0000010,301036,4W Parking Chgs, 02,01-04-2025,,,, 4W Parking Chgs ,301036,,300,
ME-2025-0000020,301036,4W Parking Chgs, 03,01-04-2025,,,, 4W Parking Chgs ,301036,,300,
ME-2025-0000045,301036,4W Parking Chgs, 06,01-04-2025,,,, 4W Parking Chgs ,301036,,300,
ME-2025-0000064,301036,4W Parking Chgs, 08,01-04-2025,,,, 4W Parking Chgs ,301036,,300,
ME-2025-0000083,301036,4W Parking Chgs, 10,01-04-2025,,,, 4W Parking Chgs ,301036,,600,
ME-2025-0000128,301036,4W Parking Chgs, 15,01-04-2025,,,, 4W Parking Chgs ,301036,,300,
ME-2025-0000194,301036,4W Parking Chgs, 02,01-07-2025,,,, 4W Parking Chgs ,301036,,300,
ME-2025-0000204,301036,4W Parking Chgs, 03,01-07-2025,,,, 4W Parking Chgs ,301036,,300,
ME-2025-0000229,301036,4W Parking Chgs, 06,01-07-2025,,,, 4W Parking Chgs ,301036,,300,
ME-2025-0000249,301036,4W Parking Chgs, 08,01-07-2025,,,, 4W Parking Chgs ,301036,,300,
ME-2025-0000269,301036,4W Parking Chgs, 10,01-07-2025,,,, 4W Parking Chgs ,301036,,600,
ME-2025-0000415,301036,4W Parking Chgs, 15,01-07-2025,,,, 4W Parking Chgs ,301036,,300,
ME-2025-0000456,301036,4W Parking Chgs, 02,01-10-2025,,,, 4W Parking Chgs ,301036,,300,
ME-2025-0000466,301036,4W Parking Chgs, 03,01-10-2025,,,, 4W Parking Chgs ,301036,,300,
ME-2025-0000491,301036,4W Parking Chgs, 06,01-10-2025,,,, 4W Parking Chgs ,301036,,300,
ME-2025-0000510,301036,4W Parking Chgs, 08,01-10-2025,,,, 4W Parking Chgs ,301036,,300,
ME-2025-0000530,301036,4W Parking Chgs, 10,01-10-2025,,,, 4W Parking Chgs ,301036,,600,
ME-2025-0000581,301036,4W Parking Chgs, 15,01-10-2025,,,, 4W Parking Chgs ,301036,,300,
ME-2025-0000688,301036,4W Parking Chgs, 02,01-01-2026,,,, 4W Parking Chgs ,301036,,300,
ME-2025-0000698,301036,4W Parking Chgs, 03,01-01-2026,,,, 4W Parking Chgs ,301036,,300,
ME-2025-0000724,301036,4W Parking Chgs, 06,01-01-2026,,,, 4W Parking Chgs ,301036,,300,
ME-2025-0000743,301036,4W Parking Chgs, 08,01-01-2026,,,, 4W Parking Chgs ,301036,,300,
ME-2025-0000763,301036,4W Parking Chgs, 10,01-01-2026,,,, 4W Parking Chgs ,301036,,600,
ME-2025-0000812,301036,4W Parking Chgs, 15,01-01-2026,,,, 4W Parking Chgs ,301036,,300,

"Balance : 8400(Credit)","","","","","","","","","","0","8400",

"Income - Members > Arrears Parking ( 301038 ) ",
"Journal No","Other GL No.","Other Account","Subledger","Posted Date","Comments","Instrument No.","Instrument Bank","Account Name","GL Account No.","Debit","Credit",
"","","","","","Opening Balance","",""," Arrears Parking ","301038","","",
ME-2025-0000601,301038,Arrears Parking, 17,01-10-2025,2W charged from May to Sep 2025,,, Arrears Parking ,301038,,500,
ME-2025-0000654,301038,Arrears Parking, 14,01-10-2025,For May to Sep 2025,,, Arrears Parking ,301038,,500,

"Balance : 1000(Credit)","","","","","","","","","","0","1000",

"Income - Members > Arrears Property Tax ( 301039 ) ",
"Journal No","Other GL No.","Other Account","Subledger","Posted Date","Comments","Instrument No.","Instrument Bank","Account Name","GL Account No.","Debit","Credit",
"","","","","","Opening Balance","",""," Arrears Property Tax ","301039","","",
ME-2025-0000238,301039,Arrears Property Tax, 07,01-07-2025,For less charged in Apr to June 2025,,, Arrears Property Tax ,301039,,995,
ME-2025-0000250,301039,Arrears Property Tax, 08,01-07-2025,For less charged in Apr to June 2025,,, Arrears Property Tax ,301039,,849,
ME-2025-0000280,301039,Arrears Property Tax, 11,01-07-2025,For less charged in Apr to June 2025,,, Arrears Property Tax ,301039,,995,
ME-2025-0000290,301039,Arrears Property Tax, 12,01-07-2025,,,, Arrears Property Tax ,301039,,849,
ME-2025-0000308,301039,Arrears Property Tax, 16,01-07-2025,For less charged in Apr to June 2025,,, Arrears Property Tax ,301039,,849,
ME-2025-0000416,301039,Arrears Property Tax, 15,01-07-2025,For less charged in Apr to June 2025,,, Arrears Property Tax ,301039,,995,

"Balance : 5532(Credit)","","","","","","","","","","0","5532",

"Income - Members > Property Tax ( 303001 ) ",
"Journal No","Other GL No.","Other Account","Subledger","Posted Date","Comments","Instrument No.","Instrument Bank","Account Name","GL Account No.","Debit","Credit",
"","","","","","Opening Balance","",""," Property Tax ","303001","","",
ME-2025-0000058,303001,Property Tax, 07,01-04-2025,,,, Property Tax ,303001,,2656,
ME-2025-0000069,303001,Property Tax, 08,01-04-2025,,,, Property Tax ,303001,,2262,
ME-2025-0000098,303001,Property Tax, 11,01-04-2025,,,, Property Tax ,303001,,2656,
ME-2025-0000107,303001,Property Tax, 12,01-04-2025,,,, Property Tax ,303001,,2262,
ME-2025-0000133,303001,Property Tax, 15,01-04-2025,,,, Property Tax ,303001,,2656,
ME-2025-0000142,303001,Property Tax, 16,01-04-2025,,,, Property Tax ,303001,,2262,
ME-2025-0000243,303001,Property Tax, 07,01-07-2025,,,, Property Tax ,303001,,3651,
ME-2025-0000255,303001,Property Tax, 08,01-07-2025,,,, Property Tax ,303001,,3111,
ME-2025-0000285,303001,Property Tax, 11,01-07-2025,,,, Property Tax ,303001,,3651,
ME-2025-0000295,303001,Property Tax, 12,01-07-2025,,,, Property Tax ,303001,,3111,
ME-2025-0000313,303001,Property Tax, 16,01-07-2025,,,, Property Tax ,303001,,3111,
ME-2025-0000421,303001,Property Tax, 15,01-07-2025,,,, Property Tax ,303001,,3651,
ME-2025-0000504,303001,Property Tax, 07,01-10-2025,,,, Property Tax ,303001,,3651,
ME-2025-0000515,303001,Property Tax, 08,01-10-2025,,,, Property Tax ,303001,,3111,
ME-2025-0000545,303001,Property Tax, 11,01-10-2025,,,, Property Tax ,303001,,3651,
ME-2025-0000554,303001,Property Tax, 12,01-10-2025,,,, Property Tax ,303001,,3111,
ME-2025-0000586,303001,Property Tax, 15,01-10-2025,,,, Property Tax ,303001,,3651,
ME-2025-0000595,303001,Property Tax, 16,01-10-2025,,,, Property Tax ,303001,,3111,
ME-2025-0000737,303001,Property Tax, 07,01-01-2026,,,, Property Tax ,303001,,3651,
ME-2025-0000748,303001,Property Tax, 08,01-01-2026,,,, Property Tax ,303001,,3111,
ME-2025-0000778,303001,Property Tax, 11,01-01-2026,,,, Property Tax ,303001,,3651,
ME-2025-0000787,303001,Property Tax, 12,01-01-2026,,,, Property Tax ,303001,,3111,
ME-2025-0000817,303001,Property Tax, 15,01-01-2026,,,, Property Tax ,303001,,3651,
ME-2025-0000826,303001,Property Tax, 16,01-01-2026,,,, Property Tax ,303001,,3111,

"Balance : 75612(Credit)","","","","","","","","","","0","75612",

"Income - Members > Sinking Fund ( 304001 ) ",
"Journal No","Other GL No.","Other Account","Subledger","Posted Date","Comments","Instrument No.","Instrument Bank","Account Name","GL Account No.","Debit","Credit",
"","","","","","Opening Balance","",""," Sinking Fund ","304001","","",
ME-2025-0000007,304001,Sinking Fund, 01,01-04-2025,,,, Sinking Fund ,304001,,300,
ME-2025-0000017,304001,Sinking Fund, 02,01-04-2025,,,, Sinking Fund ,304001,,300,
ME-2025-0000027,304001,Sinking Fund, 03,01-04-2025,,,, Sinking Fund ,304001,,300,
ME-2025-0000035,304001,Sinking Fund, 04,01-04-2025,,,, Sinking Fund ,304001,,300,
ME-2025-0000043,304001,Sinking Fund, 05,01-04-2025,,,, Sinking Fund ,304001,,300,
ME-2025-0000052,304001,Sinking Fund, 06,01-04-2025,,,, Sinking Fund ,304001,,300,
ME-2025-0000061,304001,Sinking Fund, 07,01-04-2025,,,, Sinking Fund ,304001,,300,
ME-2025-0000072,304001,Sinking Fund, 08,01-04-2025,,,, Sinking Fund ,304001,,300,
ME-2025-0000080,304001,Sinking Fund, 09,01-04-2025,,,, Sinking Fund ,304001,,300,
ME-2025-0000090,304001,Sinking Fund, 10,01-04-2025,,,, Sinking Fund ,304001,,300,
ME-2025-0000101,304001,Sinking Fund, 11,01-04-2025,,,, Sinking Fund ,304001,,300,
ME-2025-0000110,304001,Sinking Fund, 12,01-04-2025,,,, Sinking Fund ,304001,,300,
ME-2025-0000118,304001,Sinking Fund, 13,01-04-2025,,,, Sinking Fund ,304001,,300,
ME-2025-0000126,304001,Sinking Fund, 14,01-04-2025,,,, Sinking Fund ,304001,,300,
ME-2025-0000136,304001,Sinking Fund, 15,01-04-2025,,,, Sinking Fund ,304001,,300,
ME-2025-0000145,304001,Sinking Fund, 16,01-04-2025,,,, Sinking Fund ,304001,,300,
ME-2025-0000154,304001,Sinking Fund, 17,01-04-2025,,,, Sinking Fund ,304001,,300,
ME-2025-0000165,304001,Sinking Fund, 18,01-04-2025,,,, Sinking Fund ,304001,,300,
ME-2025-0000191,304001,Sinking Fund, 01,01-07-2025,,,, Sinking Fund ,304001,,300,
ME-2025-0000201,304001,Sinking Fund, 02,01-07-2025,,,, Sinking Fund ,304001,,300,
ME-2025-0000211,304001,Sinking Fund, 03,01-07-2025,,,, Sinking Fund ,304001,,300,
ME-2025-0000219,304001,Sinking Fund, 04,01-07-2025,,,, Sinking Fund ,304001,,300,
ME-2025-0000227,304001,Sinking Fund, 05,01-07-2025,,,, Sinking Fund ,304001,,300,
ME-2025-0000236,304001,Sinking Fund, 06,01-07-2025,,,, Sinking Fund ,304001,,300,
ME-2025-0000246,304001,Sinking Fund, 07,01-07-2025,,,, Sinking Fund ,304001,,300,
ME-2025-0000258,304001,Sinking Fund, 08,01-07-2025,,,, Sinking Fund ,304001,,300,
ME-2025-0000266,304001,Sinking Fund, 09,01-07-2025,,,, Sinking Fund ,304001,,300,
ME-2025-0000276,304001,Sinking Fund, 10,01-07-2025,,,, Sinking Fund ,304001,,300,
ME-2025-0000288,304001,Sinking Fund, 11,01-07-2025,,,, Sinking Fund ,304001,,300,
ME-2025-0000298,304001,Sinking Fund, 12,01-07-2025,,,, Sinking Fund ,304001,,300,
ME-2025-0000316,304001,Sinking Fund, 16,01-07-2025,,,, Sinking Fund ,304001,,300,
ME-2025-0000325,304001,Sinking Fund, 17,01-07-2025,,,, Sinking Fund ,304001,,300,
ME-2025-0000336,304001,Sinking Fund, 18,01-07-2025,,,, Sinking Fund ,304001,,300,
ME-2025-0000401,304001,Sinking Fund, 13,01-07-2025,,,, Sinking Fund ,304001,,300,
ME-2025-0000411,304001,Sinking Fund, 14,01-07-2025,,,, Sinking Fund ,304001,,300,
ME-2025-0000424,304001,Sinking Fund, 15,01-07-2025,,,, Sinking Fund ,304001,,300,
ME-2025-0000453,304001,Sinking Fund, 01,01-10-2025,,,, Sinking Fund ,304001,,300,
ME-2025-0000463,304001,Sinking Fund, 02,01-10-2025,,,, Sinking Fund ,304001,,300,
ME-2025-0000473,304001,Sinking Fund, 03,01-10-2025,,,, Sinking Fund ,304001,,300,
ME-2025-0000481,304001,Sinking Fund, 04,01-10-2025,,,, Sinking Fund ,304001,,300,
ME-2025-0000489,304001,Sinking Fund, 05,01-10-2025,,,, Sinking Fund ,304001,,300,
ME-2025-0000498,304001,Sinking Fund, 06,01-10-2025,,,, Sinking Fund ,304001,,300,
ME-2025-0000507,304001,Sinking Fund, 07,01-10-2025,,,, Sinking Fund ,304001,,300,
ME-2025-0000518,304001,Sinking Fund, 08,01-10-2025,,,, Sinking Fund ,304001,,300,
ME-2025-0000526,304001,Sinking Fund, 09,01-10-2025,,,, Sinking Fund ,304001,,300,
ME-2025-0000537,304001,Sinking Fund, 10,01-10-2025,,,, Sinking Fund ,304001,,300,
ME-2025-0000548,304001,Sinking Fund, 11,01-10-2025,,,, Sinking Fund ,304001,,300,
ME-2025-0000557,304001,Sinking Fund, 12,01-10-2025,,,, Sinking Fund ,304001,,300,
ME-2025-0000589,304001,Sinking Fund, 15,01-10-2025,,,, Sinking Fund ,304001,,300,
ME-2025-0000598,304001,Sinking Fund, 16,01-10-2025,,,, Sinking Fund ,304001,,300,
ME-2025-0000608,304001,Sinking Fund, 17,01-10-2025,,,, Sinking Fund ,304001,,300,
ME-2025-0000619,304001,Sinking Fund, 18,01-10-2025,,,, Sinking Fund ,304001,,300,
ME-2025-0000650,304001,Sinking Fund, 13,01-10-2025,,,, Sinking Fund ,304001,,300,
ME-2025-0000661,304001,Sinking Fund, 14,01-10-2025,,,, Sinking Fund ,304001,,300,
ME-2025-0000685,304001,Sinking Fund, 01,01-01-2026,,,, Sinking Fund ,304001,,300,
ME-2025-0000695,304001,Sinking Fund, 02,01-01-2026,,,, Sinking Fund ,304001,,300,
ME-2025-0000705,304001,Sinking Fund, 03,01-01-2026,,,, Sinking Fund ,304001,,300,
ME-2025-0000714,304001,Sinking Fund, 04,01-01-2026,,,, Sinking Fund ,304001,,300,
ME-2025-0000722,304001,Sinking Fund, 05,01-01-2026,,,, Sinking Fund ,304001,,300,
ME-2025-0000731,304001,Sinking Fund, 06,01-01-2026,,,, Sinking Fund ,304001,,300,
ME-2025-0000740,304001,Sinking Fund, 07,01-01-2026,,,, Sinking Fund ,304001,,300,
ME-2025-0000751,304001,Sinking Fund, 08,01-01-2026,,,, Sinking Fund ,304001,,300,
ME-2025-0000759,304001,Sinking Fund, 09,01-01-2026,,,, Sinking Fund ,304001,,300,
ME-2025-0000770,304001,Sinking Fund, 10,01-01-2026,,,, Sinking Fund ,304001,,300,
ME-2025-0000781,304001,Sinking Fund, 11,01-01-2026,,,, Sinking Fund ,304001,,300,
ME-2025-0000790,304001,Sinking Fund, 12,01-01-2026,,,, Sinking Fund ,304001,,300,
ME-2025-0000798,304001,Sinking Fund, 13,01-01-2026,,,, Sinking Fund ,304001,,300,
ME-2025-0000808,304001,Sinking Fund, 14,01-01-2026,,,, Sinking Fund ,304001,,300,
ME-2025-0000820,304001,Sinking Fund, 15,01-01-2026,,,, Sinking Fund ,304001,,300,
ME-2025-0000829,304001,Sinking Fund, 16,01-01-2026,,,, Sinking Fund ,304001,,300,
ME-2025-0000838,304001,Sinking Fund, 17,01-01-2026,,,, Sinking Fund ,304001,,300,
ME-2025-0000849,304001,Sinking Fund, 18,01-01-2026,,,, Sinking Fund ,304001,,300,
JE-2025-0000037,304001,Sinking Fund,,31-03-2026,Being members contribution toward fund trf to liab,,, Sinking Fund ,304001,21600.00,,

"","","","","","","","","","","21600","21600",

"Income - Members > Repair Fund ( 304003 ) ",
"Journal No","Other GL No.","Other Account","Subledger","Posted Date","Comments","Instrument No.","Instrument Bank","Account Name","GL Account No.","Debit","Credit",
"","","","","","Opening Balance","",""," Repair Fund ","304003","","",
ME-2025-0000005,304003,Repair Fund, 01,01-04-2025,,,, Repair Fund ,304003,,785,
ME-2025-0000015,304003,Repair Fund, 02,01-04-2025,,,, Repair Fund ,304003,,785,
ME-2025-0000025,304003,Repair Fund, 03,01-04-2025,,,, Repair Fund ,304003,,785,
ME-2025-0000033,304003,Repair Fund, 04,01-04-2025,,,, Repair Fund ,304003,,785,
ME-2025-0000041,304003,Repair Fund, 05,01-04-2025,,,, Repair Fund ,304003,,785,
ME-2025-0000050,304003,Repair Fund, 06,01-04-2025,,,, Repair Fund ,304003,,785,
ME-2025-0000059,304003,Repair Fund, 07,01-04-2025,,,, Repair Fund ,304003,,785,
ME-2025-0000070,304003,Repair Fund, 08,01-04-2025,,,, Repair Fund ,304003,,785,
ME-2025-0000078,304003,Repair Fund, 09,01-04-2025,,,, Repair Fund ,304003,,785,
ME-2025-0000088,304003,Repair Fund, 10,01-04-2025,,,, Repair Fund ,304003,,785,
ME-2025-0000099,304003,Repair Fund, 11,01-04-2025,,,, Repair Fund ,304003,,785,
ME-2025-0000108,304003,Repair Fund, 12,01-04-2025,,,, Repair Fund ,304003,,785,
ME-2025-0000116,304003,Repair Fund, 13,01-04-2025,,,, Repair Fund ,304003,,785,
ME-2025-0000124,304003,Repair Fund, 14,01-04-2025,,,, Repair Fund ,304003,,785,
ME-2025-0000134,304003,Repair Fund, 15,01-04-2025,,,, Repair Fund ,304003,,785,
ME-2025-0000143,304003,Repair Fund, 16,01-04-2025,,,, Repair Fund ,304003,,785,
ME-2025-0000152,304003,Repair Fund, 17,01-04-2025,,,, Repair Fund ,304003,,785,
ME-2025-0000163,304003,Repair Fund, 18,01-04-2025,,,, Repair Fund ,304003,,785,
ME-2025-0000189,304003,Repair Fund, 01,01-07-2025,,,, Repair Fund ,304003,,785,
ME-2025-0000199,304003,Repair Fund, 02,01-07-2025,,,, Repair Fund ,304003,,785,
ME-2025-0000209,304003,Repair Fund, 03,01-07-2025,,,, Repair Fund ,304003,,785,
ME-2025-0000217,304003,Repair Fund, 04,01-07-2025,,,, Repair Fund ,304003,,785,
ME-2025-0000225,304003,Repair Fund, 05,01-07-2025,,,, Repair Fund ,304003,,785,
ME-2025-0000234,304003,Repair Fund, 06,01-07-2025,,,, Repair Fund ,304003,,785,
ME-2025-0000244,304003,Repair Fund, 07,01-07-2025,,,, Repair Fund ,304003,,785,
ME-2025-0000256,304003,Repair Fund, 08,01-07-2025,,,, Repair Fund ,304003,,785,
ME-2025-0000264,304003,Repair Fund, 09,01-07-2025,,,, Repair Fund ,304003,,785,
ME-2025-0000274,304003,Repair Fund, 10,01-07-2025,,,, Repair Fund ,304003,,785,
ME-2025-0000286,304003,Repair Fund, 11,01-07-2025,,,, Repair Fund ,304003,,785,
ME-2025-0000296,304003,Repair Fund, 12,01-07-2025,,,, Repair Fund ,304003,,785,
ME-2025-0000314,304003,Repair Fund, 16,01-07-2025,,,, Repair Fund ,304003,,785,
ME-2025-0000323,304003,Repair Fund, 17,01-07-2025,,,, Repair Fund ,304003,,785,
ME-2025-0000334,304003,Repair Fund, 18,01-07-2025,,,, Repair Fund ,304003,,785,
ME-2025-0000399,304003,Repair Fund, 13,01-07-2025,,,, Repair Fund ,304003,,785,
ME-2025-0000409,304003,Repair Fund, 14,01-07-2025,,,, Repair Fund ,304003,,785,
ME-2025-0000422,304003,Repair Fund, 15,01-07-2025,,,, Repair Fund ,304003,,785,
ME-2025-0000451,304003,Repair Fund, 01,01-10-2025,,,, Repair Fund ,304003,,785,
ME-2025-0000461,304003,Repair Fund, 02,01-10-2025,,,, Repair Fund ,304003,,785,
ME-2025-0000471,304003,Repair Fund, 03,01-10-2025,,,, Repair Fund ,304003,,785,
ME-2025-0000479,304003,Repair Fund, 04,01-10-2025,,,, Repair Fund ,304003,,785,
ME-2025-0000487,304003,Repair Fund, 05,01-10-2025,,,, Repair Fund ,304003,,785,
ME-2025-0000496,304003,Repair Fund, 06,01-10-2025,,,, Repair Fund ,304003,,785,
ME-2025-0000505,304003,Repair Fund, 07,01-10-2025,,,, Repair Fund ,304003,,785,
ME-2025-0000516,304003,Repair Fund, 08,01-10-2025,,,, Repair Fund ,304003,,785,
ME-2025-0000524,304003,Repair Fund, 09,01-10-2025,,,, Repair Fund ,304003,,785,
ME-2025-0000535,304003,Repair Fund, 10,01-10-2025,,,, Repair Fund ,304003,,785,
ME-2025-0000546,304003,Repair Fund, 11,01-10-2025,,,, Repair Fund ,304003,,785,
ME-2025-0000555,304003,Repair Fund, 12,01-10-2025,,,, Repair Fund ,304003,,785,
ME-2025-0000587,304003,Repair Fund, 15,01-10-2025,,,, Repair Fund ,304003,,785,
ME-2025-0000596,304003,Repair Fund, 16,01-10-2025,,,, Repair Fund ,304003,,785,
ME-2025-0000606,304003,Repair Fund, 17,01-10-2025,,,, Repair Fund ,304003,,785,
ME-2025-0000617,304003,Repair Fund, 18,01-10-2025,,,, Repair Fund ,304003,,785,
ME-2025-0000648,304003,Repair Fund, 13,01-10-2025,,,, Repair Fund ,304003,,785,
ME-2025-0000659,304003,Repair Fund, 14,01-10-2025,,,, Repair Fund ,304003,,785,
ME-2025-0000683,304003,Repair Fund, 01,01-01-2026,,,, Repair Fund ,304003,,785,
ME-2025-0000693,304003,Repair Fund, 02,01-01-2026,,,, Repair Fund ,304003,,785,
ME-2025-0000703,304003,Repair Fund, 03,01-01-2026,,,, Repair Fund ,304003,,785,
ME-2025-0000712,304003,Repair Fund, 04,01-01-2026,,,, Repair Fund ,304003,,785,
ME-2025-0000720,304003,Repair Fund, 05,01-01-2026,,,, Repair Fund ,304003,,785,
ME-2025-0000729,304003,Repair Fund, 06,01-01-2026,,,, Repair Fund ,304003,,785,
ME-2025-0000738,304003,Repair Fund, 07,01-01-2026,,,, Repair Fund ,304003,,785,
ME-2025-0000749,304003,Repair Fund, 08,01-01-2026,,,, Repair Fund ,304003,,785,
ME-2025-0000757,304003,Repair Fund, 09,01-01-2026,,,, Repair Fund ,304003,,785,
ME-2025-0000768,304003,Repair Fund, 10,01-01-2026,,,, Repair Fund ,304003,,785,
ME-2025-0000779,304003,Repair Fund, 11,01-01-2026,,,, Repair Fund ,304003,,785,
ME-2025-0000788,304003,Repair Fund, 12,01-01-2026,,,, Repair Fund ,304003,,785,
ME-2025-0000796,304003,Repair Fund, 13,01-01-2026,,,, Repair Fund ,304003,,785,
ME-2025-0000806,304003,Repair Fund, 14,01-01-2026,,,, Repair Fund ,304003,,785,
ME-2025-0000818,304003,Repair Fund, 15,01-01-2026,,,, Repair Fund ,304003,,785,
ME-2025-0000827,304003,Repair Fund, 16,01-01-2026,,,, Repair Fund ,304003,,785,
ME-2025-0000836,304003,Repair Fund, 17,01-01-2026,,,, Repair Fund ,304003,,785,
ME-2025-0000847,304003,Repair Fund, 18,01-01-2026,,,, Repair Fund ,304003,,785,
JE-2025-0000037,304003,Repair Fund,,31-03-2026,Being members contribution toward fund trf to liab,,, Repair Fund ,304003,56520.00,,

"","","","","","","","","","","56520","56520",

"Income - Members > Lift Maintenance ( 304004 ) ",
"Journal No","Other GL No.","Other Account","Subledger","Posted Date","Comments","Instrument No.","Instrument Bank","Account Name","GL Account No.","Debit","Credit",
"","","","","","Opening Balance","",""," Lift Maintenance ","304004","","",
ME-2025-0000003,304004,Lift Maintenance, 01,01-04-2025,,,, Lift Maintenance ,304004,,350,
ME-2025-0000013,304004,Lift Maintenance, 02,01-04-2025,,,, Lift Maintenance ,304004,,350,
ME-2025-0000023,304004,Lift Maintenance, 03,01-04-2025,,,, Lift Maintenance ,304004,,350,
ME-2025-0000031,304004,Lift Maintenance, 04,01-04-2025,,,, Lift Maintenance ,304004,,350,
ME-2025-0000039,304004,Lift Maintenance, 05,01-04-2025,,,, Lift Maintenance ,304004,,350,
ME-2025-0000048,304004,Lift Maintenance, 06,01-04-2025,,,, Lift Maintenance ,304004,,350,
ME-2025-0000056,304004,Lift Maintenance, 07,01-04-2025,,,, Lift Maintenance ,304004,,350,
ME-2025-0000067,304004,Lift Maintenance, 08,01-04-2025,,,, Lift Maintenance ,304004,,350,
ME-2025-0000076,304004,Lift Maintenance, 09,01-04-2025,,,, Lift Maintenance ,304004,,350,
ME-2025-0000086,304004,Lift Maintenance, 10,01-04-2025,,,, Lift Maintenance ,304004,,350,
ME-2025-0000096,304004,Lift Maintenance, 11,01-04-2025,,,, Lift Maintenance ,304004,,350,
ME-2025-0000105,304004,Lift Maintenance, 12,01-04-2025,,,, Lift Maintenance ,304004,,350,
ME-2025-0000114,304004,Lift Maintenance, 13,01-04-2025,,,, Lift Maintenance ,304004,,350,
ME-2025-0000122,304004,Lift Maintenance, 14,01-04-2025,,,, Lift Maintenance ,304004,,350,
ME-2025-0000131,304004,Lift Maintenance, 15,01-04-2025,,,, Lift Maintenance ,304004,,350,
ME-2025-0000140,304004,Lift Maintenance, 16,01-04-2025,,,, Lift Maintenance ,304004,,350,
ME-2025-0000150,304004,Lift Maintenance, 17,01-04-2025,,,, Lift Maintenance ,304004,,350,
ME-2025-0000161,304004,Lift Maintenance, 18,01-04-2025,,,, Lift Maintenance ,304004,,350,
ME-2025-0000187,304004,Lift Maintenance, 01,01-07-2025,,,, Lift Maintenance ,304004,,350,
ME-2025-0000197,304004,Lift Maintenance, 02,01-07-2025,,,, Lift Maintenance ,304004,,350,
ME-2025-0000207,304004,Lift Maintenance, 03,01-07-2025,,,, Lift Maintenance ,304004,,350,
ME-2025-0000215,304004,Lift Maintenance, 04,01-07-2025,,,, Lift Maintenance ,304004,,350,
ME-2025-0000223,304004,Lift Maintenance, 05,01-07-2025,,,, Lift Maintenance ,304004,,350,
ME-2025-0000232,304004,Lift Maintenance, 06,01-07-2025,,,, Lift Maintenance ,304004,,350,
ME-2025-0000241,304004,Lift Maintenance, 07,01-07-2025,,,, Lift Maintenance ,304004,,350,
ME-2025-0000253,304004,Lift Maintenance, 08,01-07-2025,,,, Lift Maintenance ,304004,,350,
ME-2025-0000262,304004,Lift Maintenance, 09,01-07-2025,,,, Lift Maintenance ,304004,,350,
ME-2025-0000272,304004,Lift Maintenance, 10,01-07-2025,,,, Lift Maintenance ,304004,,350,
ME-2025-0000283,304004,Lift Maintenance, 11,01-07-2025,,,, Lift Maintenance ,304004,,350,
ME-2025-0000293,304004,Lift Maintenance, 12,01-07-2025,,,, Lift Maintenance ,304004,,350,
ME-2025-0000311,304004,Lift Maintenance, 16,01-07-2025,,,, Lift Maintenance ,304004,,350,
ME-2025-0000321,304004,Lift Maintenance, 17,01-07-2025,,,, Lift Maintenance ,304004,,350,
ME-2025-0000332,304004,Lift Maintenance, 18,01-07-2025,,,, Lift Maintenance ,304004,,350,
ME-2025-0000397,304004,Lift Maintenance, 13,01-07-2025,,,, Lift Maintenance ,304004,,350,
ME-2025-0000407,304004,Lift Maintenance, 14,01-07-2025,,,, Lift Maintenance ,304004,,350,
ME-2025-0000419,304004,Lift Maintenance, 15,01-07-2025,,,, Lift Maintenance ,304004,,350,
ME-2025-0000449,304004,Lift Maintenance, 01,01-10-2025,,,, Lift Maintenance ,304004,,350,
ME-2025-0000459,304004,Lift Maintenance, 02,01-10-2025,,,, Lift Maintenance ,304004,,350,
ME-2025-0000469,304004,Lift Maintenance, 03,01-10-2025,,,, Lift Maintenance ,304004,,350,
ME-2025-0000477,304004,Lift Maintenance, 04,01-10-2025,,,, Lift Maintenance ,304004,,350,
ME-2025-0000485,304004,Lift Maintenance, 05,01-10-2025,,,, Lift Maintenance ,304004,,350,
ME-2025-0000494,304004,Lift Maintenance, 06,01-10-2025,,,, Lift Maintenance ,304004,,350,
ME-2025-0000502,304004,Lift Maintenance, 07,01-10-2025,,,, Lift Maintenance ,304004,,350,
ME-2025-0000513,304004,Lift Maintenance, 08,01-10-2025,,,, Lift Maintenance ,304004,,350,
ME-2025-0000522,304004,Lift Maintenance, 09,01-10-2025,,,, Lift Maintenance ,304004,,350,
ME-2025-0000533,304004,Lift Maintenance, 10,01-10-2025,,,, Lift Maintenance ,304004,,350,
ME-2025-0000543,304004,Lift Maintenance, 11,01-10-2025,,,, Lift Maintenance ,304004,,350,
ME-2025-0000552,304004,Lift Maintenance, 12,01-10-2025,,,, Lift Maintenance ,304004,,350,
ME-2025-0000584,304004,Lift Maintenance, 15,01-10-2025,,,, Lift Maintenance ,304004,,350,
ME-2025-0000593,304004,Lift Maintenance, 16,01-10-2025,,,, Lift Maintenance ,304004,,350,
ME-2025-0000604,304004,Lift Maintenance, 17,01-10-2025,,,, Lift Maintenance ,304004,,350,
ME-2025-0000615,304004,Lift Maintenance, 18,01-10-2025,,,, Lift Maintenance ,304004,,350,
ME-2025-0000646,304004,Lift Maintenance, 13,01-10-2025,,,, Lift Maintenance ,304004,,350,
ME-2025-0000657,304004,Lift Maintenance, 14,01-10-2025,,,, Lift Maintenance ,304004,,350,
ME-2025-0000681,304004,Lift Maintenance, 01,01-01-2026,,,, Lift Maintenance ,304004,,350,
ME-2025-0000691,304004,Lift Maintenance, 02,01-01-2026,,,, Lift Maintenance ,304004,,350,
ME-2025-0000701,304004,Lift Maintenance, 03,01-01-2026,,,, Lift Maintenance ,304004,,350,
ME-2025-0000710,304004,Lift Maintenance, 04,01-01-2026,,,, Lift Maintenance ,304004,,350,
ME-2025-0000718,304004,Lift Maintenance, 05,01-01-2026,,,, Lift Maintenance ,304004,,350,
ME-2025-0000727,304004,Lift Maintenance, 06,01-01-2026,,,, Lift Maintenance ,304004,,350,
ME-2025-0000735,304004,Lift Maintenance, 07,01-01-2026,,,, Lift Maintenance ,304004,,350,
ME-2025-0000746,304004,Lift Maintenance, 08,01-01-2026,,,, Lift Maintenance ,304004,,350,
ME-2025-0000755,304004,Lift Maintenance, 09,01-01-2026,,,, Lift Maintenance ,304004,,350,
ME-2025-0000766,304004,Lift Maintenance, 10,01-01-2026,,,, Lift Maintenance ,304004,,350,
ME-2025-0000776,304004,Lift Maintenance, 11,01-01-2026,,,, Lift Maintenance ,304004,,350,
ME-2025-0000785,304004,Lift Maintenance, 12,01-01-2026,,,, Lift Maintenance ,304004,,350,
ME-2025-0000794,304004,Lift Maintenance, 13,01-01-2026,,,, Lift Maintenance ,304004,,350,
ME-2025-0000804,304004,Lift Maintenance, 14,01-01-2026,,,, Lift Maintenance ,304004,,350,
ME-2025-0000815,304004,Lift Maintenance, 15,01-01-2026,,,, Lift Maintenance ,304004,,350,
ME-2025-0000824,304004,Lift Maintenance, 16,01-01-2026,,,, Lift Maintenance ,304004,,350,
ME-2025-0000834,304004,Lift Maintenance, 17,01-01-2026,,,, Lift Maintenance ,304004,,350,
ME-2025-0000845,304004,Lift Maintenance, 18,01-01-2026,,,, Lift Maintenance ,304004,,350,
JE-2025-0000037,304004,Lift Maintenance,,31-03-2026,Being members contribution toward fund trf to liab,,, Lift Maintenance ,304004,25200.00,,

"","","","","","","","","","","25200","25200",

"Income - Members > Major Repair ( 304006 ) ",
"Journal No","Other GL No.","Other Account","Subledger","Posted Date","Comments","Instrument No.","Instrument Bank","Account Name","GL Account No.","Debit","Credit",
"","","","","","Opening Balance","",""," Major Repair ","304006","","",
ME-2025-0000004,304006,Major Repair, 01,01-04-2025,,,, Major Repair ,304006,,900,
ME-2025-0000014,304006,Major Repair, 02,01-04-2025,,,, Major Repair ,304006,,900,
ME-2025-0000024,304006,Major Repair, 03,01-04-2025,,,, Major Repair ,304006,,900,
ME-2025-0000032,304006,Major Repair, 04,01-04-2025,,,, Major Repair ,304006,,900,
ME-2025-0000040,304006,Major Repair, 05,01-04-2025,,,, Major Repair ,304006,,900,
ME-2025-0000049,304006,Major Repair, 06,01-04-2025,,,, Major Repair ,304006,,900,
ME-2025-0000057,304006,Major Repair, 07,01-04-2025,,,, Major Repair ,304006,,900,
ME-2025-0000068,304006,Major Repair, 08,01-04-2025,,,, Major Repair ,304006,,900,
ME-2025-0000077,304006,Major Repair, 09,01-04-2025,,,, Major Repair ,304006,,900,
ME-2025-0000087,304006,Major Repair, 10,01-04-2025,,,, Major Repair ,304006,,900,
ME-2025-0000097,304006,Major Repair, 11,01-04-2025,,,, Major Repair ,304006,,900,
ME-2025-0000106,304006,Major Repair, 12,01-04-2025,,,, Major Repair ,304006,,900,
ME-2025-0000115,304006,Major Repair, 13,01-04-2025,,,, Major Repair ,304006,,900,
ME-2025-0000123,304006,Major Repair, 14,01-04-2025,,,, Major Repair ,304006,,900,
ME-2025-0000132,304006,Major Repair, 15,01-04-2025,,,, Major Repair ,304006,,900,
ME-2025-0000141,304006,Major Repair, 16,01-04-2025,,,, Major Repair ,304006,,900,
ME-2025-0000151,304006,Major Repair, 17,01-04-2025,,,, Major Repair ,304006,,900,
ME-2025-0000162,304006,Major Repair, 18,01-04-2025,,,, Major Repair ,304006,,900,
ME-2025-0000188,304006,Major Repair, 01,01-07-2025,,,, Major Repair ,304006,,900,
ME-2025-0000198,304006,Major Repair, 02,01-07-2025,,,, Major Repair ,304006,,900,
ME-2025-0000208,304006,Major Repair, 03,01-07-2025,,,, Major Repair ,304006,,900,
ME-2025-0000216,304006,Major Repair, 04,01-07-2025,,,, Major Repair ,304006,,900,
ME-2025-0000224,304006,Major Repair, 05,01-07-2025,,,, Major Repair ,304006,,900,
ME-2025-0000233,304006,Major Repair, 06,01-07-2025,,,, Major Repair ,304006,,900,
ME-2025-0000242,304006,Major Repair, 07,01-07-2025,,,, Major Repair ,304006,,900,
ME-2025-0000254,304006,Major Repair, 08,01-07-2025,,,, Major Repair ,304006,,900,
ME-2025-0000263,304006,Major Repair, 09,01-07-2025,,,, Major Repair ,304006,,900,
ME-2025-0000273,304006,Major Repair, 10,01-07-2025,,,, Major Repair ,304006,,900,
ME-2025-0000284,304006,Major Repair, 11,01-07-2025,,,, Major Repair ,304006,,900,
ME-2025-0000294,304006,Major Repair, 12,01-07-2025,,,, Major Repair ,304006,,900,
ME-2025-0000312,304006,Major Repair, 16,01-07-2025,,,, Major Repair ,304006,,900,
ME-2025-0000322,304006,Major Repair, 17,01-07-2025,,,, Major Repair ,304006,,900,
ME-2025-0000333,304006,Major Repair, 18,01-07-2025,,,, Major Repair ,304006,,900,
ME-2025-0000398,304006,Major Repair, 13,01-07-2025,,,, Major Repair ,304006,,900,
ME-2025-0000408,304006,Major Repair, 14,01-07-2025,,,, Major Repair ,304006,,900,
ME-2025-0000420,304006,Major Repair, 15,01-07-2025,,,, Major Repair ,304006,,900,
ME-2025-0000450,304006,Major Repair, 01,01-10-2025,,,, Major Repair ,304006,,900,
ME-2025-0000460,304006,Major Repair, 02,01-10-2025,,,, Major Repair ,304006,,900,
ME-2025-0000470,304006,Major Repair, 03,01-10-2025,,,, Major Repair ,304006,,900,
ME-2025-0000478,304006,Major Repair, 04,01-10-2025,,,, Major Repair ,304006,,900,
ME-2025-0000486,304006,Major Repair, 05,01-10-2025,,,, Major Repair ,304006,,900,
ME-2025-0000495,304006,Major Repair, 06,01-10-2025,,,, Major Repair ,304006,,900,
ME-2025-0000503,304006,Major Repair, 07,01-10-2025,,,, Major Repair ,304006,,900,
ME-2025-0000514,304006,Major Repair, 08,01-10-2025,,,, Major Repair ,304006,,900,
ME-2025-0000523,304006,Major Repair, 09,01-10-2025,,,, Major Repair ,304006,,900,
ME-2025-0000534,304006,Major Repair, 10,01-10-2025,,,, Major Repair ,304006,,900,
ME-2025-0000544,304006,Major Repair, 11,01-10-2025,,,, Major Repair ,304006,,900,
ME-2025-0000553,304006,Major Repair, 12,01-10-2025,,,, Major Repair ,304006,,900,
ME-2025-0000585,304006,Major Repair, 15,01-10-2025,,,, Major Repair ,304006,,900,
ME-2025-0000594,304006,Major Repair, 16,01-10-2025,,,, Major Repair ,304006,,900,
ME-2025-0000605,304006,Major Repair, 17,01-10-2025,,,, Major Repair ,304006,,900,
ME-2025-0000616,304006,Major Repair, 18,01-10-2025,,,, Major Repair ,304006,,900,
ME-2025-0000647,304006,Major Repair, 13,01-10-2025,,,, Major Repair ,304006,,900,
ME-2025-0000658,304006,Major Repair, 14,01-10-2025,,,, Major Repair ,304006,,900,
ME-2025-0000682,304006,Major Repair, 01,01-01-2026,,,, Major Repair ,304006,,900,
ME-2025-0000692,304006,Major Repair, 02,01-01-2026,,,, Major Repair ,304006,,900,
ME-2025-0000702,304006,Major Repair, 03,01-01-2026,,,, Major Repair ,304006,,900,
ME-2025-0000711,304006,Major Repair, 04,01-01-2026,,,, Major Repair ,304006,,900,
ME-2025-0000719,304006,Major Repair, 05,01-01-2026,,,, Major Repair ,304006,,900,
ME-2025-0000728,304006,Major Repair, 06,01-01-2026,,,, Major Repair ,304006,,900,
ME-2025-0000736,304006,Major Repair, 07,01-01-2026,,,, Major Repair ,304006,,900,
ME-2025-0000747,304006,Major Repair, 08,01-01-2026,,,, Major Repair ,304006,,900,
ME-2025-0000756,304006,Major Repair, 09,01-01-2026,,,, Major Repair ,304006,,900,
ME-2025-0000767,304006,Major Repair, 10,01-01-2026,,,, Major Repair ,304006,,900,
ME-2025-0000777,304006,Major Repair, 11,01-01-2026,,,, Major Repair ,304006,,900,
ME-2025-0000786,304006,Major Repair, 12,01-01-2026,,,, Major Repair ,304006,,900,
ME-2025-0000795,304006,Major Repair, 13,01-01-2026,,,, Major Repair ,304006,,900,
ME-2025-0000805,304006,Major Repair, 14,01-01-2026,,,, Major Repair ,304006,,900,
ME-2025-0000816,304006,Major Repair, 15,01-01-2026,,,, Major Repair ,304006,,900,
ME-2025-0000825,304006,Major Repair, 16,01-01-2026,,,, Major Repair ,304006,,900,
ME-2025-0000835,304006,Major Repair, 17,01-01-2026,,,, Major Repair ,304006,,900,
ME-2025-0000846,304006,Major Repair, 18,01-01-2026,,,, Major Repair ,304006,,900,
JE-2025-0000037,304006,Major Repair,,31-03-2026,Being members contribution toward fund trf to liab,,, Major Repair ,304006,64800.00,,

"","","","","","","","","","","64800","64800",

"Income - Members > Building Repairs & Painting ( 305010 ) ",
"Journal No","Other GL No.","Other Account","Subledger","Posted Date","Comments","Instrument No.","Instrument Bank","Account Name","GL Account No.","Debit","Credit",
"","","","","","Opening Balance","",""," Building Repairs & Painting ","305010","","",
ME-2025-0000394,305010,Building Repairs & Painting, 13,01-07-2025,,,, Building Repairs & Painting ,305010,,10780,
ME-2025-0000404,305010,Building Repairs & Painting, 14,01-07-2025,,,, Building Repairs & Painting ,305010,,12985,
JE-2025-0000004,305010,Building Repairs & Painting,,01-07-2025,For Interest & Building Repairs & Painting charged erroneously Building Repairs & Painting Credit Note,,, Building Repairs & Painting ,305010,10780.00,,
JE-2025-0000006,305010,Building Repairs & Painting,,01-07-2025,For Interest and Building Repairs & Painting charged erroneously Building Repairs & Painting Credit Note,,, Building Repairs & Painting ,305010,12985.00,,

"","","","","","","","","","","23765","23765",

"Income - Non Members > Interest Income - Savings Account ( 306001 ) ",
"Journal No","Other GL No.","Other Account","Subledger","Posted Date","Comments","Instrument No.","Instrument Bank","Account Name","GL Account No.","Debit","Credit",
"","","","","","Opening Balance","",""," Interest Income - Savings Account ","306001","","",
JE-2025-0000009,306001,Interest Income - Savings Account,,30-06-2025,Being saving bank interest on 01.04.25 to 29.06.25,,, Interest Income - Savings Account ,306001,,58.00,
JE-2025-0000016,306001,Interest Income - Savings Account,,30-06-2025,Being interest received on savings account - SCB,,, Interest Income - Savings Account ,306001,,1243.00,
JE-2025-0000011,306001,Interest Income - Savings Account,,30-09-2025,Being Int recd on Saving Account April to Sep 2025,,, Interest Income - Savings Account ,306001,,783.00,
JE-2025-0000013,306001,Interest Income - Savings Account,,30-09-2025,Being Int recd on SB - CCB,,, Interest Income - Savings Account ,306001,,591.00,
JE-2025-0000014,306001,Interest Income - Savings Account,,30-09-2025,Being int recd on saving account 30 J une 2025 - 30th Sept 2025,,, Interest Income - Savings Account ,306001,,40.00,
JE-2025-0000017,306001,Interest Income - Savings Account,,30-09-2025,Being interest received on savings account - SCB,,, Interest Income - Savings Account ,306001,,1267.00,
JE-2025-0000015,306001,Interest Income - Savings Account,,31-12-2025,Being interest on Saving account 1 Oct 2025 - 29 Dec 2025,,, Interest Income - Savings Account ,306001,,40.00,
JE-2025-0000018,306001,Interest Income - Savings Account,,31-12-2025,Being interest received on savings account - SCB,,, Interest Income - Savings Account ,306001,,1220.00,
JE-2025-0000019,306001,Interest Income - Savings Account,,31-03-2026,Being Int recd on Saving Account Oct to March 2026,,, Interest Income - Savings Account ,306001,,1546.00,
JE-2025-0000038,306001,Interest Income - Savings Account,,31-03-2026,Being interest on Saving account 1 Jan 26 to 31 Mar 26,,, Interest Income - Savings Account ,306001,,33.00,
JE-2025-0000039,306001,Interest Income - Savings Account,,31-03-2026,Being interest received on savings account - SCB,,, Interest Income - Savings Account ,306001,,1174.00,
JE-2025-0000040,306001,Interest Income - Savings Account,,31-03-2026,Being Int recd on SB - CCB,,, Interest Income - Savings Account ,306001,,597.00,

"Balance : 8592(Credit)","","","","","","","","","","0","8592",

"Income - Non Members > Interest Income - Fixed Deposit  ( 306002 ) ",
"Journal No","Other GL No.","Other Account","Subledger","Posted Date","Comments","Instrument No.","Instrument Bank","Account Name","GL Account No.","Debit","Credit",
"","","","","","Opening Balance","",""," Interest Income - Fixed Deposit  ","306002","","",
JE-2025-0000026,306002,Interest Income - Fixed Deposit ,,22-06-2025,Being FD TD0000405493 02 SCB SF renewed and remade SCB - SF,,, Interest Income - Fixed Deposit  ,306002,,301.00,
JE-2025-0000031,306002,Interest Income - Fixed Deposit ,,28-06-2025,Being FD  TD1000376662-02 renewed and remade SCB - SF,,, Interest Income - Fixed Deposit  ,306002,,347.00,
JE-2025-0000029,306002,Interest Income - Fixed Deposit ,,06-07-2025,Being FD TD1000053155 02 renewed and remade SCB - SF,,, Interest Income - Fixed Deposit  ,306002,,519.00,
JE-2025-0000024,306002,Interest Income - Fixed Deposit ,,07-07-2025,Being FD 0405492 renewed and remade SCB - SF,,, Interest Income - Fixed Deposit  ,306002,,385.00,
JE-2025-0000033,306002,Interest Income - Fixed Deposit ,,07-03-2026,Being FD TD1000692312 02 renewed and remade SCB - SF,,, Interest Income - Fixed Deposit  ,306002,,1698.00,
JE-2025-0000023,306002,Interest Income - Fixed Deposit ,,31-03-2026,Being int accru on FD 405491 - SF - SCB,,, Interest Income - Fixed Deposit  ,306002,,1225.00,
JE-2025-0000025,306002,Interest Income - Fixed Deposit ,,31-03-2026,Being int accru on FD 0405492 - SF - SCB,,, Interest Income - Fixed Deposit  ,306002,,1061.00,
JE-2025-0000027,306002,Interest Income - Fixed Deposit ,,31-03-2026,Being int accru on FD 405493 - SF - SCB,,, Interest Income - Fixed Deposit  ,306002,,1265.00,
JE-2025-0000028,306002,Interest Income - Fixed Deposit ,,31-03-2026,Being int accru on FD 40719 - SF - SCB,,, Interest Income - Fixed Deposit  ,306002,,1954.00,
JE-2025-0000030,306002,Interest Income - Fixed Deposit ,,31-03-2026,Being int accru on FD 53155 - SF - SCB,,, Interest Income - Fixed Deposit  ,306002,,1452.00,
JE-2025-0000032,306002,Interest Income - Fixed Deposit ,,31-03-2026,Being int accru on FD TD1000376662 - RMF - SCB,,, Interest Income - Fixed Deposit  ,306002,,1411.00,
JE-2025-0000034,306002,Interest Income - Fixed Deposit ,,31-03-2026,Being int accru on FD TD1000692312 - RMF - SCB,,, Interest Income - Fixed Deposit  ,306002,,118.00,
JE-2025-0000035,306002,Interest Income - Fixed Deposit ,,31-03-2026,Being int accru on FD TD1001139004 - RMF - SCB,,, Interest Income - Fixed Deposit  ,306002,,1723.00,
JE-2025-0000036,306002,Interest Income - Fixed Deposit ,,31-03-2026,Being int accru on FD TD1001586949 - RMF - SCB,,, Interest Income - Fixed Deposit  ,306002,,1698.00,
JE-2025-0000054,306002,Interest Income - Fixed Deposit ,,31-03-2026,Being int accru on fd 101043021006026 CCB,,, Interest Income - Fixed Deposit  ,306002,,3.00,
JE-2025-0000055,306002,Interest Income - Fixed Deposit ,,31-03-2026,Being int trf to sinking fund account,,, Interest Income - Fixed Deposit  ,306002,15160.00,,

"","","","","","","","","","","15160","15160",

"Member Income > Account Specific Credit Note to Members ( 301015 ) ",
"Journal No","Other GL No.","Other Account","Subledger","Posted Date","Comments","Instrument No.","Instrument Bank","Account Name","GL Account No.","Debit","Credit",
"","","","","","Opening Balance","",""," Account Specific Credit Note to Members ","301015","","",
ME-2025-0000441,301015,Credit Note Specific to Account, 13,01-07-2025,For Interest & Building Repairs & Painting charged erroneously Late Payment Interest Credit Note,,, Account Specific Credit Note to Members ,301015,2264.00,,
ME-2025-0000442,301015,Credit Note Specific to Account, 13,01-07-2025,For Interest and Building Repairs & Painting charged erroneously Building Repairs & Painting Credit Note,,, Account Specific Credit Note to Members ,301015,10780.00,,
ME-2025-0000443,301015,Credit Note Specific to Account, 14,01-07-2025,For Interest and Building Repairs & Painting charged erroneously Late Payment Interest Credit Note,,, Account Specific Credit Note to Members ,301015,2726.00,,
ME-2025-0000444,301015,Credit Note Specific to Account, 14,01-07-2025,For Interest and Building Repairs & Painting charged erroneously Building Repairs & Painting Credit Note,,, Account Specific Credit Note to Members ,301015,12985.00,,
ME-2025-0000874,301015,Credit Note Specific to Account, 13,01-01-2026,Interest not to be charged as per society Late Payment Interest Credit Note,,, Account Specific Credit Note to Members ,301015,39.00,,
ME-2025-0000875,301015,Credit Note Specific to Account, 14,01-01-2026,Interest not to be charged as per society Late Payment Interest Credit Note,,, Account Specific Credit Note to Members ,301015,41.00,,
JE-2025-0000003,301015,Credit Note Specific to Account,,01-07-2025,For Interest & Building Repairs & Painting charged erroneously Late Payment Interest Credit Note,,, Account Specific Credit Note to Members ,301015,,2264.00,
JE-2025-0000004,301015,Credit Note Specific to Account,,01-07-2025,For Interest & Building Repairs & Painting charged erroneously Building Repairs & Painting Credit Note,,, Account Specific Credit Note to Members ,301015,,10780.00,
JE-2025-0000005,301015,Credit Note Specific to Account,,01-07-2025,For Interest and Building Repairs & Painting charged erroneously Late Payment Interest Credit Note,,, Account Specific Credit Note to Members ,301015,,2726.00,
JE-2025-0000006,301015,Credit Note Specific to Account,,01-07-2025,For Interest and Building Repairs & Painting charged erroneously Building Repairs & Painting Credit Note,,, Account Specific Credit Note to Members ,301015,,12985.00,
JE-2025-0000021,301015,Credit Note Specific to Account,,01-01-2026,Interest not to be charged as per society Late Payment Interest Credit Note,,, Account Specific Credit Note to Members ,301015,,39.00,
JE-2025-0000022,301015,Credit Note Specific to Account,,01-01-2026,Interest not to be charged as per society Late Payment Interest Credit Note,,, Account Specific Credit Note to Members ,301015,,41.00,

"","","","","","","","","","","28835","28835",

